Date,AL,AU,AT,BE,BR,BG,HR,CY,CZ,DK,EE,EU,FI,FR,DE,GR,HU,ID,IE,IL,IT,JP,LV,LT,LU,MX,NL,PL,PT,RO,RS,SK,SI,KR,ES,SE,TR,UK,US
1960-01-01,,,,,,,,,,,,,,,,,,,,,,,,,,,,,,,,,,,,,,,107.59
1960-02-01,,,,,,,,,,,,,,,,,,,,,,,,,,,,,,,,,,,,,,,105.19
1960-03-01,,,,,,,,,,,,,,,,,,,,,,,,,,,,,,,,,,,,,,,102.79
1960-04-01,,,,,,,,,,,,,,,,,,,,,,,,,,,,,,,,,,,,,,,100.39
1960-05-01,,,,,,,,,,,,,,,,,,,,,,,,,,,,,,,,,,,,,,,101.78
1960-06-01,,,,,,,,,,,,,,,,,,,,,,,,,,,,,,,,,,,,,,,103.18
1960-07-01,,,,,,,,,,,,,,,,,,,,,,,,,,,,,,,,,,,,,,,104.58
1960-08-01,,,,,,,,,,,,,,,,,,,,,,,,,,,,,,,,,,,,,,,102.04
1960-09-01,,,,,,,,,,,,,,,,,,,,,,,,,,,,,,,,,,,,,,,99.49
1960-10-01,,,,,,,,,,,,,,,,,,,,,,,,,,,,,,,,,,,,,,,96.94
1960-11-01,,,,,,,,,,,,,,,,,,,,,,,,,,,,,,,,,,,,,,,97.48
1960-12-01,,,,,,,,,,,,,,,,,,,,,,,,,,,,,,,,,,,,,,,98.02
1961-01-01,,,,,,,,,,,,,,,,,,,,,,,,,,,,,,,,,,,,,,,98.56
1961-02-01,,,,,,,,,,,,,,,,,,,,,,,,,,,,,,,,,,,,,,,98.88
1961-03-01,,,,,,,,,,,,,,,,,,,,,,,,,,,,,,,,,,,,,,,99.2
1961-04-01,,,,,,,,,,,,,,,,,,,,,,,,,,,,,,,,,,,,,,,99.52
1961-05-01,,,,,,,,,,,,,,,,,,,,,,,,,,,,,,,,,,,,,,,101.93
1961-06-01,,,,,,,,,,,,,,,,,,,,,,,,,,,,,,,,,,,,,,,104.33
1961-07-01,,,,,,,,,,,,,,,,,,,,,,,,,,,,,,,,,,,,,,,106.73
1961-08-01,,,,,,,,,,,,,,,,,,,,,,,,,,,,,,,,,,,,,,,104.51
1961-09-01,,,,,,,,,,,,,,,,,,,,,,,,,,,,,,,,,,,,,,,102.29
1961-10-01,,,,,,,,,,,,,,,,,,,,,,,,,,,,,,,,,,,,,,,100.06
1961-11-01,,,,,,,,,,,,,,,,,,,,,,,,,,,,,,,,,,,,,,,102.54
1961-12-01,,,,,,,,,,,,,,,,,,,,,,,,,,,,,,,,,,,,,,,105.01
1962-01-01,,,,,,,,,,,,,,,,,,,,,,,,,,,,,,,,,,,,,,,107.49
1962-02-01,,,,,,,,,,,,,,,,,,,,,,,,,,,,,,,,,,,,,,,105.87
1962-03-01,,,,,,,,,,,,,,,,,,,,,,,,,,,,,,,,,,,,,,,104.26
1962-04-01,,,,,,,,,,,,,,,,,,,,,,,,,,,,,,,,,,,,,,,102.65
1962-05-01,,,,,,,,,,,,,,,,,,,,,,,,,,,,,,,,,,,,,,,101.28
1962-06-01,,,,,,,,,,,,,,,,,,,,,,,,,,,,,,,,,,,,,,,99.92
1962-07-01,,,,,,,,,,,,,,,,,,,,,,,,,,,,,,,,,,,,,,,98.56
1962-08-01,,,,,,,,,,,,,,,,,,,,,,,,,,,,,,,,,,,,,,,99.78
1962-09-01,,,,,,,,,,,,,,,,,,,,,,,,,,,,,,,,,,,,,,,101.0
1962-10-01,,,,,,,,,,,,,,,,,,,,,,,,,,,,,,,,,,,,,,,102.21
1962-11-01,,,,,,,,,,,,,,,,,,,,,,,,,,,,,,,,,,,,,,,103.43
1962-12-01,,,,,,,,,,,,,,,,,,,,,,,,,,,,,,,,,,,,,,,104.65
1963-01-01,,,,,,,,,,,,,,,,,,,,,,,,,,,,,,,,,,,,,,,105.87
1963-02-01,,,,,,,,,,,,,,,,,,,,,,,,,,,,,,,,,,,,,,,103.47
1963-03-01,,,,,,,,,,,,,,,,,,,,,,,,,,,,,,,,,,,,,,,101.07
1963-04-01,,,,,,,,,,,,,,,,,,,,,,,,,,,,,,,,,,,,,,,98.66
1963-05-01,,,,,,,,,,,,,,,,,,,,,,,,,,,,,,,,,,,,,,,100.35
1963-06-01,,,,,,,,,,,,,,,,,,,,,,,,,,,,,,,,,,,,,,,102.04
1963-07-01,,,,,,,,,,,,,,,,,,,,,,,,,,,,,,,,,,,,,,,103.72
1963-08-01,,,,,,,,,,,,,,,,,,,,,,,,,,,,,,,,,,,,,,,103.0
1963-09-01,,,,,,,,,,,,,,,,,,,,,,,,,,,,,,,,,,,,,,,102.29
1963-10-01,,,,,,,,,,,,,,,,,,,,,,,,,,,,,,,,,,,,,,,101.57
1963-11-01,,,,,,,,,,,,,,,,,,,,,,,,,,,,,,,,,,,,,,,103.4
1963-12-01,,,,,,,,,,,,,,,,,,,,,,,,,,,,,,,,,,,,,,,105.23
1964-01-01,,,,,,,,,,,,,,,,,,,,,,,,,,,,,,,,,,,,,,,107.06
1964-02-01,,,,,,,,,,,,,,,,,,,,,,,,,,,,,,,,,,,,,,,106.7
1964-03-01,,,,,,,,,,,,,,,,,,,,,,,,,,,,,,,,,,,,,,,106.34
1964-04-01,,,,,,,,,,,,,,,,,,,,,,,,,,,,,,,,,,,,,,,105.98
1964-05-01,,,,,,,,,,,,,,,,,,,,,,,,,,,,,,,,,,,,,,,106.73
1964-06-01,,,,,,,,,,,,,,,,,,,,,,,,,,,,,,,,,,,,,,,107.49
1964-07-01,,,,,,,,,,,,,,,,,,,,,,,,,,,,,,,,,,,,,,,108.24
1964-08-01,,,,,,,,,,,,,,,,,,,,,,,,,,,,,,,,,,,,,,,107.99
1964-09-01,,,,,,,,,,,,,,,,,,,,,,,,,,,,,,,,,,,,,,,107.74
1964-10-01,,,,,,,,,,,,,,,,,,,,,,,,,,,,,,,,,,,,,,,107.49
1964-11-01,,,,,,,,,,,,,,,,,,,,,,,,,,,,,,,,,,,,,,,108.24
1964-12-01,,,,,,,,,,,,,,,,,,,,,,,,,,,,,,,,,,,,,,,108.99
1965-01-01,,,,,,,,,,,,,,,,,,,,,,,,,,,,,,,,,,,,,,,109.75
1965-02-01,,,,,,,,,,,,,,,,,,,,,,,,,,,,,,,,,,,,,,,110.97
1965-03-01,,,,,,,,,,,,,,,,,,,,,,,,,,,,,,,,,,,,,,,112.19
1965-04-01,,,,,,,,,,,,,,,,,,,,,,,,,,,,,,,,,,,,,,,113.4
1965-05-01,,,,,,,,,,,,,,,,,,,,,,,,,,,,,,,,,,,,,,,112.69
1965-06-01,,,,,,,,,,,,,,,,,,,,,,,,,,,,,,,,,,,,,,,111.97
1965-07-01,,,,,,,,,,,,,,,,,,,,,,,,,,,,,,,,,,,,,,,111.25
1965-08-01,,,,,,,,,,,,,,,,,,,,,,,,,,,,,,,,,,,,,,,111.07
1965-09-01,,,,,,,,,,,,,,,,,,,,,,,,,,,,,,,,,,,,,,,110.89
1965-10-01,,,,,,,,,,,,,,,,,,,,,,,,,,,,,,,,,,,,,,,110.71
1965-11-01,,,,,,,,,,,,,,,,,,,,,,,,,,,,,,,,,,,,,,,109.67
1965-12-01,,,,,,,,,,,,,,,,,,,,,,,,,,,,,,,,,,,,,,,108.63
1966-01-01,,,,,,,,,,,,,,,,,,,,,,,,,,,,,,,,,,,,,,,107.59
1966-02-01,,,,,,,,,,,,,,,,,,,,,,,,,,,,,,,,,,,,,,,106.05
1966-03-01,,,,,,,,,,,,,,,,,,,,,,,,,,,,,,,,,,,,,,,104.51
1966-04-01,,,,,,,,,,,,,,,,,,,,,,,,,,,,,,,,,,,,,,,102.97
1966-05-01,,,,,,,,,,,,,,,,,,,,,,,,,,,,,,,,,,,,,,,101.35
1966-06-01,,,,,,,,,,,,,,,,,,,,,,,,,,,,,,,,,,,,,,,99.74
1966-07-01,,,,,,,,,,,,,,,,,,,,,,,,,,,,,,,,,,,,,,,98.13
1966-08-01,,,,,,,,,,,,,,,,,,,,,,,,,,,,,,,,,,,,,,,97.09
1966-09-01,,,,,,,,,,,,,,,,,,,,,,,,,,,,,,,,,,,,,,,96.05
1966-10-01,,,,,,,,,,,,,,,,,,,,,,,,,,,,,,,,,,,,,,,95.01
1966-11-01,,,,,,,,,,,,,,,,,,,,,,,,,,,,,,,,,,,,,,,97.09
1966-12-01,,,,,,,,,,,,,,,,,,,,,,,,,,,,,,,,,,,,,,,99.17
1967-01-01,,,,,,,,,,,,,,,,,,,,,,,,,,,,,,,,,,,,,,,101.25
1967-02-01,,,,,,,,,,,,,,,,,,,,,,,,,,,,,,,,,,,,,,,101.89
1967-03-01,,,,,,,,,,,,,,,,,,,,,,,,,,,,,,,,,,,,,,,102.54
1967-04-01,,,,,,,,,,,,,,,,,,,,,,,,,,,,,,,,,,,,,,,103.18
1967-05-01,,,,,,,,,,,,,,,,,,,,,,,,,,,,,,,,,,,,,,,103.58
1967-06-01,,,,,,,,,,,,,,,,,,,,,,,,,,,,,,,,,,,,,,,103.97
1967-07-01,,,,,,,,,,,,,,,,,,,,,,,,,,,,,,,,,,,,,,,104.37
1967-08-01,,,,,,,,,,,,,,,,,,,,,,,,,,,,,,,,,,,,,,,102.9
1967-09-01,,,,,,,,,,,,,,,,,,,,,,,,,,,,,,,,,,,,,,,101.43
1967-10-01,,,,,,,,,,,,,,,,,,,,,,,,,,,,,,,,,,,,,,,99.96
1967-11-01,,,,,,,,,,,,,,,,,,,,,,,,,,,,,,,,,,,,,,,101.5
1967-12-01,,,,,,,,,,,,,,,,,,,,,,,,,,,,,,,,,,,,,,,103.04
1968-01-01,,,,,,,,,,,,,,,,,,,,,,,,,,,,,,,,,,,,,,,104.58
1968-02-01,,,,,,,,,,,,,,,,,,,,,,,,,,,,,,,,,,,,,,,102.86
1968-03-01,,,,,,,,,,,,,,,,,,,,,,,,,,,,,,,,,,,,,,,101.14
1968-04-01,,,,,,,,,,,,,,,,,,,,,,,,,,,,,,,,,,,,,,,99.42
1968-05-01,,,,,,,,,,,,,,,,,,,,,,,,,,,,,,,,,,,,,,,99.42
1968-06-01,,,,,,,,,,,,,,,,,,,,,,,,,,,,,,,,,,,,,,,99.42
1968-07-01,,,,,,,,,,,,,,,,,,,,,,,,,,,,,,,,,,,,,,,99.42
1968-08-01,,,,,,,,,,,,,,,,,,,,,,,,,,,,,,,,,,,,,,,99.17
1968-09-01,,,,,,,,,,,,,,,,,,,,,,,,,,,,,,,,,,,,,,,98.92
1968-10-01,,,,,,,,,,,,,,,,,,,,,,,,,,,,,,,,,,,,,,,98.66
1968-11-01,,,,,,,,,,,,,,,,,,,,,,,,,,,,,,,,,,,,,,,101.0
1968-12-01,,,,,,,,,,,,,,,,,,,,,,,,,,,,,,,,,,,,,,,103.33
1969-01-01,,,,,,,,,,,,,,,,,,,,,,,,,,,,,,,,,,,,,,,105.66
1969-02-01,,,,,,,,,,,,,,,,,,,,,,,,,,,,,,,,,,,,,,,103.25
1969-03-01,,,,,,,,,,,,,,,,,,,,,,,,,,,,,,,,,,,,,,,100.85
1969-04-01,,,,,,,,,,,,,,,,,,,,,,,,,,,,,,,,,,,,,,,98.45
1969-05-01,,,,,,,,,,,,,,,,,,,,,,,,,,,,,,,,,,,,,,,96.62
1969-06-01,,,,,,,,,,,,,,,,,,,,,,,,,,,,,,,,,,,,,,,94.79
1969-07-01,,,,,,,,,,,,,,,,,,,,,,,,,,,,,,,,,,,,,,,92.96
1969-08-01,,,,,,,,,,,,,,,,,,,,,,,,,,,,,,,,,,,,,,,90.56
1969-09-01,,,,,,,,,,,,,,,,,,,,,,,,,,,,,,,,,,,,,,,88.16
1969-10-01,,,,,,,,,,,,,,,,,,,,,,,,,,,,,,,,,,,,,,,85.75
1969-11-01,,,,,,,,,,,,,,,,,,,,,,,,,,,,,,,,,,,,,,,85.18
1969-12-01,,,,,,,,,,,,,,,,,,,,,,,,,,,,,,,,,,,,,,,84.61
1970-01-01,,,,,,,,,,,,,,,,,,,,,,,,,,,,,,,,,,,,,,,84.03
1970-02-01,,,,,,,,,,,,,,,,,,,,,,,,,,,,,,,,,,,,,,,83.06
1970-03-01,,,,,,,,,,,,,,,,,,,,,,,,,,,,,,,,,,,,,,,82.09
1970-04-01,,,,,,,,,,,,,,,,,,,,,,,,,,,,,,,,,,,,,,,81.13
1970-05-01,,,,,,,,,,,,,,,,,,,,,,,,,,,,,,,,,,,,,,,81.92
1970-06-01,,,,,,,,,,,,,,,,,,,,,,,,,,,,,,,,,,,,,,,82.7
1970-07-01,,,,,,,,,,,,,,,,,,,,,,,,,,,,,,,,,,,,,,,83.49
1970-08-01,,,,,,,,,,,,,,,,,,,,,,,,,,,,,,,,,,,,,,,81.63
1970-09-01,,,,,,,,,,,,,,,,,,,,,,,,,,,,,,,,,,,,,,,79.76
1970-10-01,,,,,,,,,,,,,,,,,,,,,,,,,,,,,,,,,,,,,,,77.9
1970-11-01,,,,,,,,,,,,,,,,,,,,,,,,,,,,,,,,,,,,,,,79.94
1970-12-01,,,,,,,,,,,,,,,,,,,,,,,,,,,,,,,,,,,,,,,81.99
1971-01-01,,,,,,,,,,,,,,,,,,,,,,,,,,,,,,,,,,,,,,,84.03
1971-02-01,,,,,,,,,,,,,,,,,,,,,,,,,,,,,,,,,,,,,,,84.78
1971-03-01,,,,,,,,,,,,,,,,,,,,,,,,,,,,,,,,,,,,,,,85.54
1971-04-01,,,,,,,,,,,,,,,,,,,,,,,,,,,,,,,,,,,,,,,86.29
1971-05-01,,,,,,,,,,,,,,,,,,,,,,,,,,,,,,,,,,,,,,,86.97
1971-06-01,,,,,,,,,,,,,,,,,,,,,,,,,,,,,,,,,,,,,,,87.65
1971-07-01,,,,,,,,,,,,,,,,,,,,,,,,,,,,,,,,,,,,,,,88.33
1971-08-01,,,,,,,,,,,,,,,,,,,,,,,,,,,,,,,,,,,,,,,88.3
1971-09-01,,,,,,,,,,,,,,,,,,,,,,,,,,,,,,,,,,,,,,,88.26
1971-10-01,,,,,,,,,,,,,,,,,,,,,,,,,,,,,,,,,,,,,,,88.23
1971-11-01,,,,,,,,,,,,,,,,,,,,,,,,,,,,,,,,,,,,,,,92.1
1971-12-01,,,,,,,,,,,,,,,,,,,,,,,,,,,,,,,,,,,,,,,95.97
1972-01-01,,,,,,,,,,,,,,,,,,,,,,,,,,,,,,,,,,,,,,,99.85
1972-02-01,,,,,,,,,,,,,,,,,,,,,,,,,,,,,,,,,,,,,,,98.34
1972-03-01,,,,,,,,,,,,,,,,,,,,,,,,,,,,,,,,,,,,,,,96.83
1972-04-01,,,,,,,,,,,,,,,,,,,,,,,,,,,,,,,,,,,,,,,95.33
1972-05-01,,,,,,,,,,,,,,,,,,,,,,,,,,,,,,,,,,,,,,,97.7
1972-06-01,,,,,,,,,,,,,,,,,,,,,,,,,,,,,,,,,,,,,,,100.06
1972-07-01,,,,,,,,,,,,,,,,,,,,,,,,,,,,,,,,,,,,,,,102.43
1972-08-01,,,,,,,,,,,,,,,,,,,,,,,,,,,,,,,,,,,,,,,100.82
1972-09-01,,,,,,,,,,,,,,,,,,,,,,,,,,,,,,,,,,,,,,,99.2
1972-10-01,,,,,,,,,,,,,,,,,,,,,,,,,,,,,,,,,,,,,,,97.59
1972-11-01,,,,,,,,,,,,,,,,,,,,,,,,,,,,,,,,,,,,,,,94.43
1972-12-01,,,,,,,,,,,,,,,,,,,,,,,,,,,,,,,,,,,,,,,91.28
1973-01-01,,,,,,,,,,,,,,,,,,,,,,,,,,,,,,,,,,,,,,,88.12
1973-02-01,,,,,,,,,,,,,,,,,,,,,,,,,,,,,,,,,,,,,,,86.36
1973-03-01,,,,,,,,,,,,,,,,,,,,,,,,,,,,,,,,,,,,,,,84.61
1973-04-01,,,,,,,,,,,,,,,,,,,,,,,,,,,,,,,,,,,,,,,82.85
1973-05-01,,,,,,,,,,,,,,,,,,,,,,,,,,,,,,,,,,,,,,,81.05
1973-06-01,,,,,,,,,,,,,,,,,,,,,,,,,,,,,,,,,,,,,,,79.26
1973-07-01,,,,,,,,,,,,,,,,,,,,,,,,,,,,,,,,,,,,,,,77.47
1973-08-01,,,,,,,,,,,,,,,,,,,,,,,,,,,,,,,,,,,,,,,79.08
1973-09-01,,,,,,,,,,,,,,,,,,,,,,,,,,,,,,,,,,,,,,,80.7
1973-10-01,,,,,,,,,,,,,,,,,,,,,,,,,,,,,,,,,,,,,,,82.31
1973-11-01,,,,,,,,,,,,,,,,,,,,,,,,,,,,,,,,,,,,,,,77.04
1973-12-01,,,,,,,,,,,,,,,,,,,,,,,,,,,,,,,,,,,,,,,71.77
1974-01-01,,,,,,,,,,,,,,,,,,,,,,,,,,,,,,,,,,,,,,,66.49
1974-02-01,,,,,,,,,,,,,,,,,,,,,,,,,,,,,,,,,,,,,,,70.19
1974-03-01,,,,,,,,,,,,,,,,,,,,,,,,,,,,,,,,,,,,,,,73.88
1974-04-01,,,,,,,,,,,,,,,,,,,,,,,,,,,,,,,,,,,,,,,77.58
1974-05-01,,,,,,,,,,,,,,,,,,,,,,,,,,,,,,,,,,,,,,,74.81
1974-06-01,,,,,,,,,,,,,,,,,,,,,,,,,,,,,,,,,,,,,,,72.05
1974-07-01,,,,,,,,,,,,,,,,,,,,,,,,,,,,,,,,,,,,,,,69.29
1974-08-01,,,,,,,,,,,,,,,,,,,,,,,,,,,,,,,,,,,,,,,67.53
1974-09-01,,-9.0,,,,,,,,,,,,,,,,,,,,,,,,,,,,,,,,,,,,,65.78
1974-10-01,,-9.0,,,,,,,,,,,,,,,,,,,,,,,,,,,,,,,,,,,,,64.02
1974-11-01,,-8.0,,,,,,,,,,,,,,,,,,,,,,,,,,,,,,,,,,,,,63.34
1974-12-01,,-8.0,,,,,,,,,,,,,,,,,,,,,,,,,,,,,,,,,,,,,62.66
1975-01-01,,0.0,,,,,,,,,,,,,,,,,,,,,,,,,,,,,,,,,,,,,61.97
1975-02-01,,7.0,,,,,,,,,,,,,,,,,,,,,,,,,,,,,,,,,,,,,67.43
1975-03-01,,14.0,,,,,,,,,,,,,,,,,,,,,,,,,,,,,,,,,,,,,72.88
1975-04-01,,11.0,,,,,,,,,,,,,,,,,,,,,,,,,,,,,,,,,,,,,78.33
1975-05-01,,8.0,,,,,,,,,,,,,,,,,,,,,,,,,,,,,,,,,,,,,79.37
1975-06-01,,4.0,,,,,,,,,,,,,,,,,,,,,,,,,,,,,,,,,,,,,80.41
1975-07-01,,3.0,,,,,,,,,,,,,,,,,,,,,,,,,,,,,,,,,,,,,81.45
1975-08-01,,2.0,,,,,,,,,,,,,,,,,,,,,,,,,,,,,,,,,,,,,81.41
1975-09-01,,1.0,,,,,,,,,,,,,,,,,,,,,,,,,,,,,,,,,,,,,81.38
1975-10-01,,2.0,,,,,,,,,,,,,,,,,,,,,,,,,,,,,,,,,,,,,81.34
1975-11-01,,3.0,,,,,,,,,,,,,,,,,,,,,,,,,,,,,,,,,,,,,84.57
1975-12-01,,8.0,,,,,,,,,,,,,,,,,,,,,,,,,,,,,,,,,,,,,87.8
1976-01-01,,14.0,,,,,,,,,,,,,,,,,,,,,,,,,,,,,,,,,,,,,91.02
1976-02-01,,10.0,,,,,,,,,,,,,,,,,,,,,,,,,,,,,,,,,,,,,90.56
1976-03-01,,7.0,,,,,,,,,,,,,,,,,,,,,,,,,,,,,,,,,,,,,90.09
1976-04-01,,10.0,,,,,,,,,,,,,,,,,,,,,,,,,,,,,,,,,,,,,89.63
1976-05-01,,7.0,,,,,,,,,,,,,,,,,,,,,,,,,,,,,,,,,,,,,91.92
1976-06-01,,7.0,,,,,,,,,,,,,,,,,,,,,,,,,,,,,,,,,,,,,94.22
1976-07-01,,6.0,,,,,,,,,,,,,,,,,,,,,,,,,,,,,,,,,,,,,96.51
1976-08-01,,7.0,,,,,,,,,,,,,,,,,,,,,,,,,,,,,,,,,,,,,95.54
1976-09-01,,8.0,,,,,,,,,,,,,,,,,,,,,,,,,,,,,,,,,,,,,94.58
1976-10-01,,9.0,,,,,,,,,,,,,,,,,,,,,,,,,,,,,,,,,,,,,93.61
1976-11-01,,1.0,,,,,,,,,,,,,,,,,,,,,,,,,,,,,,,,,,,,,93.64
1976-12-01,,3.0,,,,,,,,,,,,,,,,,,,,,,,,,,,,,,,,,,,,,93.68
1977-01-01,,4.0,,,,,,,,,,,,,,,,,,,,,,,,,,,,,,,,,,,,,93.71
1977-02-01,,1.0,,,,,,,,,,,,,,,,,,,,,,,,,,,,,,,,,,,,,94.83
1977-03-01,,-1.0,,,,,,,,,,,,,,,,,,,,,,,,,,,,,,,,,,,,,95.94
1977-04-01,,2.0,,,,,,,,,,,,,,,,,,,,,,,,,,,,,,,,,,,,,97.05
1977-05-01,,4.0,,,,,,,,,,,,,,,,,,,,,,,,,,,,,,,,,,,,,96.62
1977-06-01,,4.0,,,,,,,,,,,,,,,,,,,,,,,,,,,,,,,,,,,,,96.19
1977-07-01,,-1.0,,,,,,,,,,,,,,,,,,,,,,,,,,,,,,,,,,,,,95.76
1977-08-01,,5.0,,,,,,,,,,,,,,,,,,,,,,,,,,,,,,,,,,,,,94.11
1977-09-01,,5.0,,,,,,,,,,,,,,,,,,,,,,,,,,,,,,,,,,,,,92.46
1977-10-01,,5.0,,,,,,,,,,,,,,,,,,,,,,,,,,,,,,,,,,,,,90.81
1977-11-01,,9.0,,,,,,,,,,,,,,,,,,,,,,,,,,,,,,,,,,,,,90.16
1977-12-01,,13.0,,,,,,,,,,,,,,,,,,,,,,,,,,,,,,,,,,,,,89.52
1978-01-01,,16.0,,,,,,,,,,,,,,,,,,,,,,,,,,,,,,,,,,,,,90.06
1978-02-01,,19.0,,,,,,,,,,,,,,,,,,,,,,,,,,,,,,,,,,,,,90.7
1978-03-01,,15.0,,,,,,,,,,,,,,,,,,,,,,,,,,,,,,,,,,,,,84.78
1978-04-01,,11.0,,,,,,,,,,,,,,,,,,,,,,,,,,,,,,,,,,,,,87.8
1978-05-01,,10.0,,,,,,,,,,,,,,,,,,,,,,,,,,,,,,,,,,,,,89.2
1978-06-01,,6.0,,,,,,,,,,,,,,,,,,,,,,,,,,,,,,,,,,,,,86.08
1978-07-01,,2.0,,,,,,,,,,,,,,,,,,,,,,,,,,,,,,,,,,,,,88.66
1978-08-01,,-9.0,,,,,,,,,,,,,,,,,,,,,,,,,,,,,,,,,,,,,84.35
1978-09-01,,-2.0,,,,,,,,,,,,,,,,,,,,,,,,,,,,,,,,,,,,,86.51
1978-10-01,,5.0,,,,,,,,,,,,,,,,,,,,,,,,,,,,,,,,,,,,,85.32
1978-11-01,,4.0,,,,,,,,,,,,,,,,,,,,,,,,,,,,,,,,,,,,,80.7
1978-12-01,,6.0,,,,,,,,,,,,,,,,,,,,,,,,,,,,,,,,,,,,,71.12
1979-01-01,,8.0,,,,,,,,,,,,,,,,,,,,,,,,,,,,,,,,,,,,,77.58
1979-02-01,,10.0,,,,,,,,,,,,,,,,,,,,,,,,,,,,,,,,,,,,,79.51
1979-03-01,,6.0,,,,,,,,,,,,,,,,,,,,,,,,,,,,,,,,,,,,,73.59
1979-04-01,,10.0,,,,,,,,,,,,,,,,,,,,,,,,,,,,,,,,,,,,,71.01
1979-05-01,,1.0,,,,,,,,,,,,,,,,,,,,,,,,,,,,,,,,,,,,,73.27
1979-06-01,,-8.0,,,,,,,,,,,,,,,,,,,,,,,,,,,,,,,,,,,,,70.8
1979-07-01,,-10.0,,,,,,,,,,,,,,,,,,,,,,,,,,,,,,,,,,,,,64.99
1979-08-01,,-5.0,,,,,,,,,,,,,,,,,,,,,,,,,,,,,,,,,,,,,69.4
1979-09-01,,-1.0,,,,,,,,,,,,,,,,,,,,,,,,,,,,,,,,,,,,,71.77
1979-10-01,,-2.0,,,,,,,,,,,,,,,,,,,,,,,,,,,,,,,,,,,,,66.82
1979-11-01,,-1.0,,,,,,,,,,,,,,,,,,,,,,,,,,,,,,,,,,,,,68.11
1979-12-01,,-1.0,,,,,,,,,,,,,,,,,,,,,,,,,,,,,,,,,,,,,65.63
1980-01-01,,-1.0,,,,,,,,,,,,,,,,,,,,,,,,,,,,,,,,,,,,,72.09
1980-02-01,,0.0,,,,,,,,,,,,,,,,,,,,,,,,,,,,,,,,,,,,,71.98
1980-03-01,,1.0,,,,,,,,,,,,,,,,,,,,,,,,,,,,,,,,,,,,,60.79
1980-04-01,,-3.0,,,,,,,,,,,,,,,,,,,,,,,,,,,,,,,,,,,,,56.7
1980-05-01,,-1.0,,,,,,,,,,,,,,,,,,,,,,,,,,,,,,,,,,,,,55.63
1980-06-01,,2.0,,,,,,,,,,,,,,,,,,,,,,,,,,,,,,,,,,,,,63.16
1980-07-01,,-2.0,,,,,,,,,,,,,,,,,,,,,,,,,,,,,,,,,,,,,67.03
1980-08-01,,1.0,,,,,,,,,,,,,,,,,,,,,,,,,,,,,,,,,,,,,72.41
1980-09-01,,5.0,,,,,,,,,,,,,,,,,,,,,,,,,,,,,,,,,,,,,79.3
1980-10-01,,10.0,,,,,,,,,,,,,,,,,,,,,,,,,,,,,,,,,,,,,80.7
1980-11-01,,7.0,,,,,,,,,,,,,,,,,,,,,,,,,,,,,,,,,,,,,82.52
1980-12-01,,10.0,,,,,,,,,,,,,,,,,,,,,,,,,,,,,,,,,,,,,69.4
1981-01-01,,13.0,,,,,,,,,,,,,,,,,,,,,,,,,,,,,,,,,,,,,76.82
1981-02-01,,13.0,,,,,,,,,,,,,,,,,,,,,,,,,,,,,,,,,,,,,71.98
1981-03-01,,12.0,,,,,,,,,,,,,,,,,,,,,,,,,,,,,,,,,,,,,71.55
1981-04-01,,7.0,,,,,,,,,,,,,,,,,,,,,,,,,,,,,,,,,,,,,77.9
1981-05-01,,2.0,,,,,,,,,,,,,,,,,,,,,,,,,,,,,,,,,,,,,82.09
1981-06-01,,1.0,,,,,,,,,,,,,,,,,,,,,,,,,,,,,,,,,,,,,78.65
1981-07-01,,-5.0,,,,,,,,,,,,,,,,,,,,,,,,,,,,,,,,,,,,,79.73
1981-08-01,,-8.0,,,,,,,,,,,,,,,,,,,,,,,,,,,,,,,,,,,,,83.06
1981-09-01,,-5.0,,,,,,,,,,,,,,,,,,,,,,,,,,,,,,,,,,,,,78.65
1981-10-01,,-2.0,,,,,,,,,,,,,,,,,,,,,,,,,,,,,,,,,,,,,75.64
1981-11-01,,-2.0,,,,,,,,,,,,,,,,,,,,,,,,,,,,,,,,,,,,,67.25
1981-12-01,,-5.0,,,,,,,,,,,,,,,,,,,,,,,,,,,,,,,,,,,,,69.18
1982-01-01,,-8.0,,,,,,,,,,,,,,,,,,,,,,,,,,,,,,,,,,,,,76.39
1982-02-01,,-8.0,,,,,,,,,,,,,,,,,,,,,,,,,,,,,,,,,,,,,71.55
1982-03-01,,-8.0,,,,,,,,,,,,,,,,,,,,,,,,,,,,,,,,,,,,,66.71
1982-04-01,,-6.0,,,,,,,,,,,,,,,,,,,,,,,,,,,,,,,,,,,,,70.47
1982-05-01,,-7.0,,,,,,,,,,,,,,,,,,,,,,,,,,,,,,,,,,,,,72.63
1982-06-01,,-8.0,,,,,,,,,,,,,,,,,,,,43.6,,,,,,,,,,,,,,,,,70.69
1982-07-01,,-20.0,,,,,,,,,,,,,,,,,,,,,,,,,,,,,,,,,,,,,70.37
1982-08-01,,-16.0,,,,,,,,,,,,,,,,,,,,,,,,,,,,,,,,,,,,,70.37
1982-09-01,,-17.0,,,,,,,,,,,,,,,,,,,,41.9,,,,,,,,,,,,,,,,,74.56
1982-10-01,,-19.0,,,,,,,,,,,,,,,,,,,,,,,,,,,,,,,,,,,,,78.97
1982-11-01,,-25.0,,,,,,,,,,,,,,,,,,,,,,,,,,,,,,,,,,,,,77.58
1982-12-01,,-18.0,,,,,,,,,,,,,,,,,,,,41.9,,,,,,,,,,,,,,,,,77.36
1983-01-01,,-12.0,,,,,,,,,,,,,,,,,,,,,,,,,,,,,,,,,,,,,75.75
1983-02-01,,-7.0,,,,,,,,,,,,,,,,,,,,,,,,,,,,,,,,,,,,,80.27
1983-03-01,,-3.0,,,,,,,,,,,,,,,,,,,,43.3,,,,,,,,,,,,,,,,,86.94
1983-04-01,,-1.0,,,,,,,,,,,,,,,,,,,,,,,,,,,,,,,,,,,,,95.87
1983-05-01,,-3.0,,,,,,,,,,,,,,,,,,,,,,,,,,,,,,,,,,,,,100.39
1983-06-01,,-5.0,,,,,,,,,,,,,,,,,,,,44.9,,,,,,,,,,,,,,,,,99.2
1983-07-01,,-2.0,,,,,,,,,,,,,,,,,,,,,,,,,,,,,,,,,,,,,99.85
1983-08-01,,1.0,,,,,,,,,,,,,,,,,,,,,,,,,,,,,,,,,,,,,97.8
1983-09-01,,4.0,,,,,,,,,,,,,,,,,,,,45.4,,,,,,,,,,,,,,,,,96.73
1983-10-01,,6.0,,,,,,,,,,,,,,,,,,,,,,,,,,,,,,,,,,,,,96.08
1983-11-01,,13.0,,,,,,,,,,,,,,,,,,,,,,,,,,,,,,,,,,,,,98.02
1983-12-01,,19.0,,,,,,,,,,,,,,,,,,,,46.6,,,,,,,,,,,,,,,,,101.35
1984-01-01,,25.0,,,,,,,,,,,,,,,,,,,,,,,,,,,,,,,,,,,,,107.7
1984-02-01,,21.0,,,,,,,,,,,,,,,,,,,,,,,,,,,,,,,,,,,,,104.8
1984-03-01,,21.0,,,,,,,,,,,,,,,,,,,,47.0,,,,,,,,,,,,,,,,,108.67
1984-04-01,,21.0,,,,,,,,,,,,,,,,,,,,,,,,,,,,,,,,,,,,,103.4
1984-05-01,,18.0,,,,,,,,,,,,,,,,,,,,,,,,,,,,,,,,,,,,,105.55
1984-06-01,,16.0,,,,,,,,,,,,,,,,,,,,47.1,,,,,,,,,,,,,,,,,102.75
1984-07-01,,17.0,,,,,,,,,,,,,,,,,,,,,,,,,,,,,,,,,,,,,103.94
1984-08-01,,18.0,,,,,,,,,,,,,,,,,,,,,,,,,,,,,,,,,,,,,106.63
1984-09-01,,18.0,,,,,,,,,,,,,,,,,,,,47.6,,,,,,,,,,,,,,,,,108.56
1984-10-01,,18.0,,,,,,,,,,,,,,,,,,,,,,,,,,,,,,,,,,,,,103.61
1984-11-01,,16.0,,,,,,,,,,,,,,,,,,,,,,,,,,,,,,,,,,,,,102.97
1984-12-01,,14.0,,,,,,,,,,,,,,,,,,,,48.2,,,,,,,,,,,,,,,,,99.96
1985-01-01,,15.0,,-24.7,,,,,,-0.7,,-10.3,,-16.3,-7.8,-8.1,,,-21.7,,-7.1,,,,,,-8.5,,,,,,,,,,,-9.9,103.29
1985-02-01,,12.0,,-23.6,,,,,,-0.2,,-10.7,,-16.2,-8.5,-8.1,,,-20.5,,-9.0,,,,,,-8.2,,,,,,,,,,,-15.8,100.82
1985-03-01,,10.0,,-24.8,,,,,,-0.3,,-11.5,,-16.9,-8.9,-8.1,,,-20.2,,-12.1,48.5,,,,,-7.5,,,,,,,,,,,-12.0,100.82
1985-04-01,,-1.0,,-23.1,,,,,,-3.4,,-10.9,,-14.9,-8.5,-0.3,,,-22.6,,-10.7,,,,,,-8.5,,,,,,,,,,,-13.3,101.78
1985-05-01,,-1.0,,-23.7,,,,,,-3.8,,-11.3,,-15.7,-8.2,-0.3,,,-22.5,,-11.4,,,,,,-8.9,,,,,,,,,,,-14.4,98.77
1985-06-01,,-2.0,,-24.1,,,,,,-3.4,,-11.6,,-15.7,-9.3,-0.3,,,-22.8,,-11.0,47.8,,,,,-8.5,,,,,,,,,,,-14.7,103.83
1985-07-01,,1.0,,-23.4,,,,,,-1.5,,-11.2,,-20.4,-8.0,-0.3,,,-17.9,,-8.6,,,,,,-3.9,,,,,,,,,,,-12.8,101.14
1985-08-01,,7.0,,-24.0,,,,,,-1.4,,-11.0,,-20.0,-7.6,-0.3,,,-17.9,,-8.5,,,,,,-4.6,,,,,,,,,,,-14.2,99.42
1985-09-01,,7.0,,-22.3,,,,,,-0.8,,-10.8,,-19.6,-6.5,-0.3,,,-16.6,,-9.1,48.1,,,,,-4.3,,,,,,,,,,,-11.6,99.09
1985-10-01,,8.0,,-13.2,,,,,,1.7,,-8.0,,-9.6,-5.4,-18.4,,,-12.1,,-10.2,,,,,,-0.5,,,,,,,,,,,-10.0,95.11
1985-11-01,,-5.0,,-13.9,,,,,,1.8,,-7.7,,-9.2,-6.2,-18.4,,,-12.9,,-9.2,,,,,,-0.5,,,,,,,,,,,-10.4,97.8
1985-12-01,,3.0,,-15.2,,,,,,1.9,,-7.9,,-9.2,-5.8,-18.4,,,-13.5,,-10.4,47.6,,,,,-0.6,,,,,,,,,,,-8.6,101.03
1986-01-01,,5.0,,-13.4,,,,,,0.4,,-5.6,,-5.9,-3.7,-15.5,,,-16.9,,-8.4,,,,,,3.4,,,,,,,,,,,-10.5,102.86
1986-02-01,,5.0,,-16.9,,,,,,0.9,,-5.0,,-5.8,-2.5,-14.9,,,-15.6,,-8.0,,,,,,3.7,,,,,,,,,,,-13.8,103.18
1986-03-01,,4.0,,-16.4,,,,,,0.7,,-4.3,,-6.5,-2.4,-19.2,,,-15.4,,-5.6,46.8,,,,,4.3,,,,,,,,,,,-12.5,102.32
1986-04-01,,-5.0,,-15.0,,,,,,-4.3,,-5.0,,-8.2,-1.5,-18.6,,,-17.5,,-5.2,,,,,,0.3,,,,,,,,,,,-11.1,103.51
1986-05-01,,-5.0,,-15.0,,,,,,-6.0,,-5.4,,-8.3,-1.9,-22.9,,,-17.4,,-5.5,,,,,,3.0,,,,,,,,,,,-11.5,102.0
1986-06-01,,-8.0,,-15.1,,,,,,-5.8,,-5.3,,-10.9,-0.5,-22.6,,,-17.7,,-4.4,45.6,,,,,2.3,,-0.5,,,,,,-7.1,,,-10.2,106.84
1986-07-01,,-20.0,,-15.9,,,,,,-5.7,,-5.2,,-8.9,-0.3,-21.6,,,-15.0,,-6.2,,,,,,1.3,,2.2,,,,,,-7.2,,,-8.8,105.12
1986-08-01,,-20.0,,-9.5,,,,,,-3.5,,-4.4,,-8.5,1.2,-24.6,,,-14.6,,-6.1,,,,,,0.5,,-1.1,,,,,,-6.4,,,-9.1,102.11
1986-09-01,,-21.0,,-11.0,,,,,,-6.6,,-4.6,,-7.9,0.6,-25.5,,,-16.5,,-4.3,43.7,,,,,-0.3,,1.7,,,,,,-7.2,,,-9.0,98.88
1986-10-01,,-10.0,,-11.2,,,,,,-3.7,,-4.0,,-7.5,0.6,-23.9,,,-15.7,,-2.8,,,,,,1.7,,1.8,,,,,,-7.6,,,-7.4,102.86
1986-11-01,,-14.0,,-13.6,,,,,,-8.4,,-4.5,,-8.2,0.1,-25.5,,,-19.0,,-3.4,,,,,,0.8,,1.1,,,,,,-6.8,,,-5.4,98.34
1986-12-01,,-11.0,,-11.2,,,,,,-5.7,,-4.8,,-8.4,0.6,-27.4,,,-19.3,,-5.1,42.3,,,,,0.8,,-1.5,,,,,,-7.4,,,-6.7,95.87
1987-01-01,,-9.0,,-10.1,,,,,,-6.2,,-4.9,,-10.1,0.2,-25.2,,,-18.7,,-3.5,,,,,,1.3,,0.9,,,,,,-8.2,,,-8.2,97.27
1987-02-01,,-12.0,,-9.2,,,,,,-4.5,,-5.5,,-10.6,-2.4,-26.6,,,-17.3,,-3.8,,,,,,2.6,,1.3,,,,,,-8.5,,,-4.0,97.05
1987-03-01,,-13.0,,-10.1,,,,,,-7.3,,-5.7,,-11.1,-2.0,-30.0,,,-15.1,,-3.8,41.0,,,,,0.2,,1.0,,,,,,-9.4,,,-2.6,97.7
1987-04-01,,-10.0,,-7.9,,,,,,-6.5,,-6.1,,-10.1,-2.3,-27.6,,,-16.1,,-5.3,,,,,,-0.7,,0.6,,,,,,-9.6,,,-0.2,99.85
1987-05-01,,-8.0,,-8.1,,,,,,-4.3,,-6.7,,-12.0,-2.1,-31.4,,,-20.7,,-5.9,,,,,,-1.3,,2.9,,,,,,-9.8,,,-0.9,98.02
1987-06-01,,-7.0,,-8.0,,,,,,-6.5,,-7.2,,-12.6,-3.0,-28.7,,,-16.9,,-6.7,44.3,,,,,-3.9,,1.1,,,,,,-8.0,,,2.5,98.45
1987-07-01,,-1.0,,-9.3,,,,,,-6.4,,-7.0,,-11.2,-3.7,-31.3,,,-17.2,,-6.0,,,,,,-5.7,,5.1,,,,,,-6.7,,,-0.1,100.82
1987-08-01,,-4.0,,-8.2,,,,,,-5.7,,-7.1,,-10.8,-5.2,-29.6,,,-17.0,,-6.0,,,,,,-5.7,,4.5,,,,,,-5.3,,,-0.5,101.57
1987-09-01,,-5.0,,-8.3,,,,,,-2.2,,-5.6,,-8.3,-1.6,-27.3,,,-15.5,,-7.7,46.9,,,,,0.0,,4.1,,,,,,-4.6,,,-2.1,100.71
1987-10-01,,4.0,,-8.2,,,,,,-4.3,,-6.1,,-7.5,-2.8,-28.6,,,-14.1,,-8.5,,,,,,-1.1,,7.1,,,,,,-5.5,,,0.4,96.08
1987-11-01,,-13.0,,-8.4,,,,,,-4.6,,-7.1,,-7.7,-5.9,-29.8,,,-16.8,,-8.0,,,,,,-3.3,,6.7,,,,,,-7.1,,,-1.6,89.41
1987-12-01,,-7.0,,-6.3,,,,,,-10.5,,-6.7,,-6.8,-6.9,-27.5,,,-14.9,,-5.9,48.4,,,,,-2.2,,4.1,,,,,,-7.5,,,-2.1,93.39
1988-01-01,,1.0,,-6.7,,,,,,-9.7,,-6.9,,-6.4,-7.5,-21.2,,,-12.1,,-6.7,,,,,,-2.1,,2.4,,,,,,-6.5,,,-2.4,97.7
1988-02-01,,-1.0,,-7.2,,,,,,-8.4,,-6.4,,-6.1,-7.5,-21.3,,,-11.6,,-6.6,,,,,,-1.3,,3.6,,,,,,-5.8,,,-4.6,98.56
1988-03-01,,4.0,,-6.7,,,,,,-10.1,,-6.1,,-6.3,-6.3,-22.7,,,-11.6,,-7.6,49.9,,,,,-1.9,,-0.8,,,,,,-5.0,,,-2.2,101.78
1988-04-01,,6.0,,-7.2,,,,,,-7.7,,-5.3,,-6.0,-5.3,-23.3,,,-6.5,,-5.3,,,,,,0.6,,-1.5,,,,,,-3.7,,,-4.5,98.13
1988-05-01,,4.0,,-7.9,,,,,,-6.3,,-5.9,,-4.5,-6.0,-20.7,,,-7.5,,-8.0,,,,,,-0.5,,-0.9,,,,,,-4.0,,,-2.1,102.0
1988-06-01,,4.0,,-5.9,,,,,,-8.3,,-5.8,,-5.2,-5.7,-19.9,,,-8.9,,-6.3,49.8,,,,,-1.9,,-2.9,,,,,,-4.9,,,-2.0,101.89
1988-07-01,,8.0,,-7.6,,,,,,-8.2,,-6.1,,-4.8,-6.9,-23.1,,,-6.4,,-6.9,,,,,,-0.3,,-0.5,,,,,,-4.4,,,-2.5,100.49
1988-08-01,,8.0,,-7.4,,,,,,-8.6,,-5.1,,-4.4,-5.0,-21.9,,,-6.8,,-6.8,,,,,,1.1,,-3.3,,,,,,-2.5,,,-4.6,104.8
1988-09-01,,12.0,,-4.4,,,,,,-10.0,,-4.6,,-4.0,-4.1,-18.8,,,-4.7,,-4.6,49.9,,,,,0.2,,-5.6,,,,,,-3.7,,,-7.0,104.69
1988-10-01,,9.0,,-2.9,,,,,,-8.3,,-3.5,,-3.9,-2.3,-17.2,,,-6.1,,-3.9,,,,,,2.7,,-1.4,,,,,,-3.4,,,-8.0,101.25
1988-11-01,,4.0,,-2.5,,,,,,-8.1,,-2.9,,-2.5,-3.3,-18.5,,,-2.9,,-2.7,,,,,,6.0,,-0.5,,,,,,-4.8,,,-6.1,100.06
1988-12-01,,6.0,,-2.1,,,,,,-10.3,,-3.4,,-4.4,-2.8,-19.2,,,-2.7,,-3.9,50.8,,,,,4.4,,-0.7,,,,,,-4.4,,,-10.2,98.88
1989-01-01,,5.0,,-5.1,,,,,,-8.9,,-3.7,,-3.3,-4.2,-14.9,,,-4.0,,-3.9,,,,,,5.7,,-1.9,,,,,,-3.4,,,-11.1,105.33
1989-02-01,,-5.0,,-3.1,,,,,,-7.1,,-4.3,,-4.0,-4.5,-14.4,,,-1.3,,-6.0,,,,,,4.2,,-0.3,,,,,,-5.3,,,-10.4,102.65
1989-03-01,,-12.0,,-3.1,,,,,,-10.4,,-4.5,,-5.3,-3.9,-13.3,,,-3.0,,-8.2,48.7,,,,,5.7,,0.0,,,,,,-5.9,,,-13.4,101.46
1989-04-01,,-12.0,,-2.4,,,,,,-8.2,,-5.0,,-4.9,-3.2,-12.1,,,-2.2,,-10.1,,,,,,5.5,,-2.2,,,,,,-5.3,,,-14.0,98.45
1989-05-01,,-13.0,,-5.5,,,,,,-9.0,,-5.5,,-5.8,-3.4,-10.7,,,-6.1,,-10.2,,,,,,3.2,,-4.9,,,,,,-4.8,,,-11.9,97.59
1989-06-01,,-27.0,,-2.9,,,,,,-8.5,,-4.2,,-6.3,-1.0,-11.8,,,-3.5,,-9.2,47.6,,,,,4.8,,-0.9,,,,,,-3.1,,,-15.3,97.48
1989-07-01,,-27.0,,-1.8,,,,,,-8.4,,-3.5,,-5.4,-0.3,-9.7,,,0.6,,-7.3,,,,,,6.0,,-4.4,,,,,,-4.7,,,-14.0,98.99
1989-08-01,,-21.0,,-2.4,,,,,,-8.6,,-3.7,,-4.9,-1.8,-11.0,,,3.3,,-7.3,,,,,,5.7,,-5.9,,,,,,-2.6,,,-14.2,96.4
1989-09-01,,-18.0,,-1.1,,,,,,-9.0,,-2.9,,-4.4,-0.4,-13.1,,,2.5,,-4.6,49.2,,,,,6.8,,-3.1,,,,,,-4.1,,,-11.8,103.08
1989-10-01,,-21.0,,-0.2,,,,,,-6.1,,-2.6,,-4.4,-0.9,-10.5,,,0.7,,-4.8,,,,,,7.6,,-3.0,,,,,,-2.3,,,-20.3,101.03
1989-11-01,,-19.0,,-0.1,,,,,,-8.0,,-2.7,,-3.5,-1.5,-18.8,,,-0.2,,-4.6,,,,,,8.5,,-0.7,,,,,,-3.2,,,-17.7,97.8
1989-12-01,,-20.0,,0.9,,,,,,-5.2,,-1.9,,-3.5,0.3,-22.7,,,0.3,,-5.2,50.7,,,,,8.8,,-2.1,,,,,,-1.0,,,-17.2,97.37
1990-01-01,,-16.0,,-1.3,,,,,,-3.8,,-2.3,,-3.1,0.9,-20.8,,,-0.2,,-5.3,,,,,,6.8,,-0.3,,,,,,-4.5,,,-14.8,100.06
1990-02-01,,-12.0,,1.2,,,,,,-4.4,,-2.3,,-3.9,-0.7,-22.2,,,-2.7,,-3.5,,,,,,5.6,,1.0,,,,,,-4.0,,,-18.3,96.3
1990-03-01,,-13.0,,-0.7,,,,,,-2.7,,-3.1,,-3.3,-2.7,-20.9,,,-0.4,,-5.0,50.0,,,,,6.3,,0.7,,,,,,-6.0,,,-26.6,98.23
1990-04-01,,-26.0,,-3.1,,,,,,-3.3,,-2.6,,-4.0,-0.6,-15.5,,,0.1,,-2.5,,,,,,5.0,,3.5,,,,,,-6.4,,,-23.5,101.03
1990-05-01,,-30.0,,-2.7,,,,,,-3.6,,-3.4,,-5.7,-0.6,-19.0,,,-0.9,,-4.6,,,,,,3.8,,5.6,,,,,,-6.7,,,-22.6,97.48
1990-06-01,,-29.0,,-0.9,,,,,,-6.0,,-3.2,,-5.3,-0.5,-17.7,,,0.5,,-4.7,49.9,,,,,3.2,,5.7,,,,,,-5.9,,,-20.3,95.01
1990-07-01,,-26.0,,0.1,,,,,,-5.9,,-2.9,,-5.2,0.6,-15.2,,,-1.4,,-6.7,,,,,,2.6,,5.7,,,,,,-3.9,,,-17.8,94.9
1990-08-01,,-30.0,,-2.2,,,,,,-5.8,,-3.4,,-4.8,0.1,-22.3,,,-2.6,,-6.6,,,,,,-1.3,,3.6,,,,,,-3.9,,,-19.2,82.2
1990-09-01,,-33.0,,-7.5,,,,,,-5.3,,-8.5,,-10.1,-3.4,-25.6,,,-7.2,,-10.9,48.6,,,,,-2.6,,-3.0,,,,,,-14.6,,,-21.8,78.33
1990-10-01,,-34.0,,-7.6,,,,,,-5.3,,-8.6,,-9.1,-4.4,-24.0,,,-7.3,,-12.8,,,,,,-3.1,,-0.9,,,,,,-11.5,,,-16.8,68.75
1990-11-01,,-36.0,,-6.2,,,,,,-4.7,,-7.1,,-8.8,-3.6,-21.9,,,-1.0,,-9.3,,,,,,-6.1,,1.2,,,,,,-9.9,,,-18.7,71.01
1990-12-01,,-32.0,,-8.5,,,,,,-4.3,,-6.7,,-8.9,-3.0,-24.4,,,-5.5,,-10.2,49.0,,,,,-4.5,,6.6,,,,,,-7.2,,,-9.1,70.47
1991-01-01,,-24.0,,-13.0,,,,,,-2.5,,-9.9,,-12.1,-5.9,-24.0,,,-8.4,,-11.6,,,,,,-9.7,,2.7,,,,,,-13.7,,,-19.1,71.87
1991-02-01,,-29.0,,-11.1,,,,,,-3.3,,-10.3,,-10.9,-7.8,-24.0,,,-8.3,,-15.9,,,,,,-9.3,,1.4,,,,,,-9.6,,,-18.7,75.75
1991-03-01,,-20.0,,-4.0,,,,,,0.2,,-7.3,,-5.7,-11.2,-22.5,,,-8.6,,-8.4,49.9,,,,,-3.3,,5.5,,,,,,-4.7,,,-12.7,94.36
1991-04-01,,-20.0,,-4.8,,,,,,-1.0,,-8.1,,-8.4,-8.3,-22.7,,,-4.6,,-8.3,,,,,,-6.5,,5.6,,,,,,-8.0,,,-11.6,88.01
1991-05-01,,-21.0,,-5.7,,,,,,-3.2,,-7.5,,-8.7,-6.5,-23.0,,,-6.0,,-10.2,,,,,,-5.0,,5.4,,,,,,-5.0,,,-10.8,84.25
1991-06-01,,-17.0,,-6.8,,,,,,-1.7,,-8.5,,-11.5,-7.5,-24.1,,,-9.7,,-9.9,48.7,,,,,-5.4,,3.4,,,,,,-6.5,,,-11.1,88.33
1991-07-01,,-15.0,,-3.4,,,,,,-1.6,,-10.7,,-11.6,-14.3,-24.0,,,-10.9,,-10.2,,,,,,-7.9,,5.7,,,,,,-6.4,,,-12.9,89.2
1991-08-01,,-16.0,,-4.3,,,,,,-1.5,,-11.1,,-11.1,-14.9,-22.7,,,-8.9,,-10.1,,,,,,-9.5,,3.6,,,,,,-7.7,,,-11.3,88.23
1991-09-01,,-14.0,,-4.4,,,,,,-1.7,,-9.5,,-9.6,-12.1,-23.8,,,-8.0,,-8.3,48.1,,,,,-7.7,,3.7,,,,,,-6.2,,,-7.7,89.3
1991-10-01,,-12.0,,-5.2,,,,,,-2.1,,-9.9,,-10.4,-11.0,-25.5,,,-9.9,,-10.1,,,,,,-9.8,,5.0,,,,,,-7.8,,,-5.4,84.25
1991-11-01,,-18.0,,-3.6,,,,,,3.0,,-9.6,,-9.8,-11.5,-29.7,,,-9.0,,-10.0,,,,,,-8.4,,7.0,,,,,,-8.7,,,-7.4,74.35
1991-12-01,,-19.0,,-3.6,,,,,,0.4,,-9.7,,-10.9,-9.4,-25.1,,,-9.3,,-11.0,46.1,,,,,-7.3,,4.9,,,,,,-11.8,,,-9.3,73.38
1992-01-01,,-19.0,,-5.7,,,,,,1.5,,-10.9,,-11.0,-11.8,-29.9,,,-9.7,,-10.9,,,,,,-9.1,,5.7,,,,,,-11.8,,,-13.4,72.63
1992-02-01,,-12.0,,-7.1,,,,,,-1.9,,-10.2,,-9.1,-10.3,-28.9,,,-8.7,,-12.0,,,,,,-10.1,,1.1,,,,,,-10.8,,,-10.2,74.02
1992-03-01,,-7.0,,-8.3,,,,,,-0.5,,-10.7,,-8.0,-13.9,-31.6,,,-7.7,,-9.4,45.2,,,,,-7.1,,-2.4,,,,,,-13.5,,,-7.5,81.77
1992-04-01,,-6.0,,-10.3,,,,,,1.0,,-12.0,,-7.4,-16.6,-30.2,,,-13.1,,-10.1,,,,,,-7.8,,-2.2,,,,,,-14.5,,,-5.4,83.06
1992-05-01,,-9.0,,-9.4,,,,,,2.5,,-12.7,,-7.7,-17.8,-29.2,,,-9.2,,-11.4,,,,,,-8.0,,0.8,,,,,,-15.7,,,-3.7,85.21
1992-06-01,,-17.0,,-11.4,,,,,,-0.1,,-12.6,,-10.0,-15.1,-27.0,,,-8.8,,-13.7,43.8,,,,,-4.0,,-0.8,,,,,,-14.9,,,-7.6,86.51
1992-07-01,,-20.0,,-8.4,,,,,,0.0,,-12.5,,-11.1,-13.2,-28.2,,,-8.7,,-13.3,,,,,,-4.4,,-2.0,,,,,,-17.8,,,-12.7,82.42
1992-08-01,,-11.0,,-9.4,,,,,,0.8,,-13.5,,-10.6,-13.2,-34.6,,,-7.4,,-13.2,,,,,,-4.4,,-2.9,,,,,,-24.6,,,-16.6,81.88
1992-09-01,,-14.0,,-11.2,,,,,,-1.8,,-15.3,,-8.9,-15.2,-34.9,,,-9.7,,-19.7,41.4,,,,,-4.1,,-1.9,,,,,,-23.8,,,-19.8,81.34
1992-10-01,,-5.0,,-12.6,,,,,,-0.7,-44.5,-16.4,,-8.0,-16.4,-31.5,,,-14.6,,-23.0,,,,,,-6.2,,-6.6,,,,,,-25.5,,,-22.6,78.87
1992-11-01,,-16.0,,-12.1,,,,,,-4.1,-44.6,-17.1,,-9.7,-20.3,-37.1,,,-11.6,,-18.9,,,,,,-8.9,,-6.2,,,,,,-24.4,,,-22.1,91.78
1992-12-01,,-16.0,,-10.9,,,,,,-1.5,-44.5,-17.8,,-10.4,-22.1,-34.8,,,-9.8,,-19.8,40.1,,,,,-10.0,,-5.5,,,,,,-25.0,,,-17.3,97.91
1993-01-01,,-3.0,,-16.7,,,,,,-2.2,-45.3,-18.6,,-11.9,-22.8,-35.5,,,-9.8,,-20.2,,,,,,-8.7,,-8.8,,,,,,-23.5,,,-12.3,96.08
1993-02-01,,-9.0,,-17.1,,,,,,-2.6,-45.1,-18.3,,-10.6,-21.3,-31.8,-46.8,,-16.8,,-21.3,,,,,,-9.6,,-12.6,,,,,,-24.3,,,-15.4,93.18
1993-03-01,,-1.0,,-14.2,,,,,,-2.8,-45.2,-18.8,,-8.3,-24.6,-31.0,-45.4,,-15.0,,-21.5,39.0,,,,,-10.7,,-15.9,,,,,,-24.3,,,-14.9,92.42
1993-04-01,,-2.0,,-18.1,,,,,,-2.7,-46.8,-17.0,,-4.9,-20.7,-29.4,-40.6,,-6.9,,-22.5,,,,,,-10.7,,-14.8,,,,,,-21.0,,,-14.7,92.1
1993-05-01,,-3.0,,-18.1,,,,,,-0.1,-46.8,-17.1,,-12.2,-20.7,-29.1,-41.2,,-8.5,,-17.1,,,,,,-13.5,,-16.9,,,,,,-18.5,,,-8.5,86.4
1993-06-01,,-14.0,,-17.0,,,,,,0.2,-47.0,-18.9,,-12.6,-21.6,-29.4,-38.7,,-6.1,,-20.9,42.3,,,,,-10.7,,-18.9,,,,,,-24.6,,,-14.6,87.69
1993-07-01,,-10.0,,-18.0,,,,,,0.3,-47.2,-18.9,,-14.3,-23.3,-25.9,-46.6,,-4.3,,-17.9,,,,,,-11.9,,-20.3,,,,,,-21.4,,,-13.1,82.85
1993-08-01,,-5.0,,-17.7,,,,,,-1.0,-47.2,-18.6,,-13.9,-20.8,-26.4,-45.1,,-1.4,,-17.9,,,,,,-8.3,,-19.3,,,,,,-28.2,,,-10.4,83.17
1993-09-01,,-12.0,,-17.9,,,,,,-0.9,-47.4,-18.0,,-11.5,-19.0,-22.9,-43.0,,-4.6,,-22.1,39.5,,,,,-5.8,,-18.3,,,,,,-24.7,,,-10.4,83.82
1993-10-01,,-1.0,,-18.9,,,,,,-1.5,-21.5,-18.5,,-10.2,-23.5,-15.4,-44.7,,-1.4,,-18.4,,,,,,-9.4,,-21.4,,,,,,-25.9,,,-14.8,88.98
1993-11-01,,4.0,,-18.9,,,,,,1.1,-21.7,-18.9,,-11.4,-22.5,-15.7,-40.2,,-3.2,,-22.3,,,,,,-5.1,,-20.4,,,,,,-27.6,,,-15.9,87.37
1993-12-01,,5.0,,-18.8,,,,,,1.6,-21.6,-17.2,,-10.0,-21.7,-16.5,-35.9,,-4.6,,-18.9,36.4,,,,,-7.8,,-12.5,,,,,,-25.3,,,-16.1,94.9
1994-01-01,,15.0,,-17.4,,,,,,3.5,-22.5,-17.4,,-9.0,-22.9,-19.1,-34.0,,0.0,,-17.0,,,,,,-7.9,,-19.5,,,,,,-27.5,,,-12.9,101.46
1994-02-01,,17.0,,-16.1,,,,,,6.9,-22.2,-15.5,,-8.1,-22.3,-19.0,-32.8,,-1.2,,-14.7,,,,,,-7.4,,-17.1,,,,,,-22.5,,,-15.9,100.28
1994-03-01,,23.0,,-11.9,,,,,,3.8,-22.2,-14.1,,-7.9,-19.7,-18.1,-24.4,,-1.2,,-14.5,41.0,,,,,-3.6,,-12.9,,,,,,-22.1,,,-18.9,98.45
1994-04-01,,21.0,,-12.2,,,,,,7.7,-24.4,-11.9,,-6.4,-16.0,-22.7,-22.4,,-4.1,,-9.5,,,,,,-2.8,,-16.6,,,,,,-21.6,,,-21.2,99.63
1994-05-01,,21.0,,-9.1,,,,,,6.3,-24.3,-9.7,,-5.0,-12.0,-21.0,-15.5,,-0.5,,-9.5,,,,,,-1.4,,-13.9,,,,,,-18.3,,,-18.3,99.85
1994-06-01,,23.0,,-9.1,,,,,,7.4,-24.4,-8.3,,-5.8,-8.1,-24.0,-25.3,,-0.3,,-7.1,42.8,,,,,-1.1,,-16.3,,,,,,-15.6,,,-15.8,98.13
1994-07-01,,20.0,,-8.1,,,,,,7.5,-24.5,-8.4,,-6.6,-7.7,-22.9,-20.8,,1.0,,-8.9,,,,,,-1.8,,-17.9,,,,,,-14.7,,,-14.1,95.76
1994-08-01,,17.0,,-6.7,,,,,,7.1,-24.4,-7.9,,-6.1,-7.3,-25.3,-34.7,,2.0,,-8.8,,,,,,0.1,,-14.6,,,,,,-13.1,,,-12.2,98.66
1994-09-01,,13.0,,-3.8,,,,,,6.9,-24.5,-7.1,,-3.2,-7.2,-24.2,-37.9,,0.3,,-8.7,45.3,,,,,1.8,,-16.7,,,,,,-10.3,,,-13.0,98.45
1994-10-01,,8.0,,-4.0,,,,,,4.8,-21.9,-7.3,,-4.0,-4.8,-25.7,-39.6,,2.8,,-10.4,,,,,,-1.0,,-15.2,,,,,,-13.1,,,-13.5,99.74
1994-11-01,,8.0,,-4.7,,,,,,5.0,-22.0,-7.7,,-5.0,-6.8,-29.6,-44.3,,1.8,,-10.9,,,,,,0.5,,-15.0,,,,,,-11.3,,,-11.6,98.56
1994-12-01,,6.0,,-6.9,,,,,,5.8,-21.6,-8.1,,-4.3,-9.1,-30.9,-45.3,,1.1,,-9.7,46.9,,,,,-2.0,,-11.8,,,,,,-11.2,,,-18.1,102.32
1995-01-01,,1.0,,-7.7,,,,,-9.9,6.0,-22.2,-8.4,,-5.8,-9.1,-31.0,-50.8,,5.2,,-6.1,,,,,,-2.5,,-15.3,,,,,,-14.2,,,-12.5,105.01
1995-02-01,,-6.0,,-8.6,,,,,-9.8,6.2,-21.6,-8.6,,-5.4,-10.8,-30.1,-47.7,,3.3,,-6.4,,,,,,0.2,,-14.4,,,,,,-14.3,,,-13.6,102.32
1995-03-01,,3.0,,-6.9,,,,,-9.8,6.3,-22.0,-8.9,,-5.0,-8.4,-31.6,-58.8,,3.4,,-11.5,44.8,,,,,1.5,,-17.1,,,,,,-16.3,,,-14.4,97.16
1995-04-01,,11.0,,-7.4,,,,,-13.1,5.3,-8.5,-8.4,,-4.1,-8.1,-31.2,-58.0,,0.0,,-8.3,,,,,,-1.5,,-18.0,,,,,,-15.0,,,-14.2,99.52
1995-05-01,,3.0,,-8.3,,,,,-12.8,6.1,-8.7,-7.7,,-2.1,-8.4,-28.8,-54.3,,1.0,,-7.0,,,,,,0.6,,-16.5,,,,,,-14.0,,,-15.8,96.62
1995-06-01,,4.0,,-7.3,,,,,-12.7,4.3,-8.7,-7.7,,-1.6,-7.8,-27.2,-57.8,,1.8,,-7.1,41.9,,,,,-0.2,,-16.5,,,,,,-15.7,,,-8.6,99.74
1995-07-01,,2.0,,-7.6,,,,,-9.1,4.4,-8.3,-8.2,,-5.2,-7.3,-31.9,-55.8,,2.5,,-6.6,,,,,,-1.7,,-13.8,,,,,,-16.2,,,-6.4,101.57
1995-08-01,,2.0,,-11.3,,,,,-9.4,6.3,-8.1,-8.4,,-4.7,-9.2,-31.4,-57.6,,4.7,,-7.0,,,,,,1.3,,-13.5,,,,,,-14.1,,,-7.2,103.51
1995-09-01,,1.0,,-11.7,,,,,-9.0,6.3,-8.0,-9.5,,-9.6,-9.5,-30.1,-52.6,,5.4,,-7.3,41.6,,,,,0.7,,-11.8,,,,,,-13.4,,,-8.4,95.65
1995-10-01,,1.0,-13.3,-14.5,,,,,-7.9,4.6,-10.8,-10.3,-3.2,-12.4,-10.2,-19.6,-55.0,,5.8,,-8.1,,,,,,2.5,,-5.7,,,,,,-15.3,-8.5,,-6.8,97.05
1995-11-01,,3.0,-10.3,-19.3,,,,,-8.0,6.9,-10.8,-10.6,-2.4,-13.2,-11.3,-24.4,-55.6,,8.9,,-8.0,,,,,,2.4,,-6.9,,,,,,-13.4,-11.0,,-8.1,94.9
1995-12-01,,3.0,-7.0,-18.3,,,,,-7.6,4.5,-10.7,-11.6,-3.8,-15.2,-13.2,-20.6,-51.0,,6.2,,-9.7,44.0,,,,,-1.8,,-4.5,,,,,,-13.4,-8.8,,-7.5,97.91
1996-01-01,,9.0,-9.8,-18.3,,,,,-6.4,6.4,-9.9,-12.2,-5.3,-12.7,-17.0,-22.4,-51.8,,6.9,,-10.0,,,,,,-2.5,,-5.4,,,,,,-10.1,-10.5,,-5.0,96.08
1996-02-01,,8.0,-14.4,-19.0,,,,,-6.2,2.7,-9.6,-12.8,-5.1,-12.0,-18.5,-16.1,-50.8,,5.9,,-10.2,,,,,,-2.7,,-10.5,,,,,,-11.2,-12.6,,-7.2,95.22
1996-03-01,,15.0,-17.2,-17.6,,,,,-6.3,2.8,-9.7,-12.2,-4.7,-11.3,-16.2,-22.2,-48.5,,4.4,,-10.3,45.1,,,,,-5.7,,-14.0,,,,-16.3,,-9.7,-13.8,,-6.9,100.82
1996-04-01,,12.0,-18.3,-15.5,,,,,-8.3,4.2,-14.1,-12.8,-5.3,-12.2,-16.6,-26.2,-45.4,,5.5,,-10.1,,,,,,-5.1,,-12.0,,,,-20.0,,-10.9,-11.8,,-5.5,99.74
1996-05-01,,12.0,-13.6,-17.1,,,,,-8.0,2.3,-14.0,-12.3,-3.8,-13.0,-17.5,-23.2,-45.9,,5.1,,-5.9,,,,,,-2.4,,-15.7,,,,-15.4,,-10.3,-11.8,,-5.9,96.19
1996-06-01,,9.0,-13.4,-16.6,,,,,-7.9,1.5,-13.9,-12.1,-1.6,-13.1,-17.6,-21.8,-50.9,,4.3,,-5.0,46.1,,,,,-2.4,,-15.6,,,,-15.9,,-10.0,-10.4,,-6.8,99.42
1996-07-01,,3.0,-15.2,-16.4,,,,,-11.4,3.0,-18.2,-13.0,-1.6,-13.7,-17.6,-22.2,-45.8,,5.5,,-7.4,,,,,,-1.2,,-16.3,,,,-13.8,,-13.1,-11.7,,-4.5,101.89
1996-08-01,,4.0,-14.0,-13.8,,,,,-11.7,1.2,-17.9,-12.1,-0.1,-13.5,-16.2,-18.7,-44.0,,3.5,,-7.7,,,,,,-0.6,,-16.0,,,,-13.3,,-11.9,-8.6,,-3.1,102.54
1996-09-01,,4.0,-14.5,-12.8,,,,,-11.3,3.3,-18.3,-12.3,0.7,-13.4,-15.7,-13.5,-45.3,,6.3,,-9.3,45.2,,,,,0.4,,-12.4,,,,-10.9,,-12.9,-11.1,,-2.1,101.89
1996-10-01,,3.0,-15.0,-14.5,,,,,-13.2,5.5,-13.9,-12.5,0.2,-13.6,-16.8,-10.2,-44.7,,7.6,,-12.1,,,,,,3.9,,-12.7,,,,-15.7,,-10.7,-9.1,,-2.7,103.83
1996-11-01,,8.0,-14.0,-12.6,,,,,-13.3,4.3,-14.4,-12.9,0.2,-14.0,-17.4,-16.2,-40.9,,5.2,,-12.9,,,,,,1.7,,-15.5,,,,-12.4,,-10.9,-8.8,,-0.8,106.73
1996-12-01,,2.0,-15.3,-12.3,,,,,-12.9,3.9,-14.0,-12.6,1.4,-12.1,-18.6,-20.5,-43.3,,7.1,,-11.9,43.9,,,,,-0.2,,-14.4,,,,-13.7,,-8.2,-11.0,,-3.9,104.26
1997-01-01,,10.0,-16.4,-16.5,,,,,-14.4,6.3,-13.6,-11.4,1.4,-11.6,-17.2,-22.1,-44.9,,6.9,,-10.2,,,,,,3.4,,-12.7,,,,-12.1,,-4.9,-10.0,,-1.8,104.8
1997-02-01,,4.0,-18.5,-16.0,,,,,-14.2,5.3,-13.1,-12.2,2.4,-10.6,-19.9,-21.2,-43.6,,9.9,,-10.7,,,,,,4.1,,-11.8,,,,-14.7,,-7.5,-10.0,,1.1,107.27
1997-03-01,,7.0,-16.7,-16.6,,,,,-14.2,6.8,-13.2,-12.0,2.6,-11.5,-18.4,-18.7,-41.8,,10.2,,-12.6,38.4,,,,,3.3,,-11.0,,,,-14.2,,-7.0,-7.8,,-0.7,107.59
1997-04-01,,4.0,-15.3,-16.7,,,,,-25.7,6.6,-16.1,-11.8,3.3,-11.3,-17.4,-19.5,-38.7,,9.5,,-12.8,,,,,,5.9,,-10.0,,,,-16.5,,-5.9,-6.2,,-2.2,109.1
1997-05-01,,1.0,-14.0,-15.5,,,,,-25.5,2.3,-16.1,-11.3,2.6,-10.7,-15.8,-24.6,-35.3,,10.6,,-11.4,,,,,,3.8,,-9.1,,,,-15.7,,-6.3,-4.4,,2.2,111.04
1997-06-01,,0.0,-17.0,-13.9,,,,,-25.4,5.4,-16.1,-10.4,2.7,-5.0,-17.3,-15.5,-34.9,,11.4,,-13.7,41.9,,,,,4.2,,-8.1,,,,-15.1,,-2.5,-4.4,,2.8,112.44
1997-07-01,,-1.0,-14.9,-13.8,,,,,-28.0,5.8,-16.4,-9.9,2.0,-6.0,-17.1,-13.3,-33.7,,11.6,,-10.3,,,,,,5.3,,-7.3,,,,-17.6,,-3.4,-4.1,,2.3,115.23
1997-08-01,,2.0,-15.4,-11.4,,,,,-28.2,6.3,-16.3,-8.8,1.2,-5.4,-15.5,-22.0,-31.2,,11.4,,-8.3,,,,,,5.0,,-6.4,,,,-15.5,,-1.3,-4.5,,2.5,112.33
1997-09-01,,3.0,-9.8,-12.8,,,,,-27.9,5.4,-16.5,-7.9,2.8,-5.1,-14.7,-16.1,-24.1,,13.8,,-6.1,42.4,,,,,7.4,,-0.3,,,,-14.7,,-3.9,-1.9,,3.1,114.05
1997-10-01,,3.0,-10.8,-9.4,,,,,-30.1,4.1,-11.2,-8.1,3.0,-6.0,-12.9,-12.8,-27.3,,13.5,,-10.2,,,,,,6.5,,-0.5,,,,-15.2,,-4.4,0.9,,3.6,113.62
1997-11-01,,6.0,-11.0,-11.9,,,,,-30.1,4.8,-11.4,-7.6,2.6,-6.4,-13.7,-15.8,-25.0,,15.9,,-6.9,,,,,,5.8,,-1.8,,,,-17.6,,-3.1,-0.2,,0.0,115.34
1997-12-01,,1.0,-11.3,-12.4,,,,,-29.8,5.4,-11.1,-8.1,2.4,-6.6,-13.8,-17.4,-27.4,,14.7,,-9.5,36.8,,,,,6.2,,-1.7,,,,-16.4,,-2.8,-0.6,,-0.5,109.85
1998-01-01,,7.0,-11.0,-9.9,,,,,-30.8,5.8,-10.7,-8.1,1.7,-9.2,-13.9,-22.4,-22.1,,10.4,,-7.0,,,,,,6.9,,-2.2,,,,-17.3,,-2.2,1.2,,-0.5,114.7
1998-02-01,,9.0,-7.4,-5.1,,,,,-30.7,2.7,-10.2,-7.8,1.1,-7.5,-14.6,-17.3,-18.2,,11.4,,-7.2,,,,,,5.3,,-2.9,,,,-18.1,,-1.8,-2.3,,-0.5,118.78
1998-03-01,,2.0,-6.5,-5.4,,,,,-30.7,7.1,-10.5,-6.3,2.5,-5.3,-11.4,-24.6,-15.5,,11.6,,-8.1,37.3,,,,,8.9,,-1.8,,,,-15.9,,-1.7,-2.2,,-1.4,114.59
1998-04-01,,4.0,-7.3,-4.8,,,,,-24.4,5.7,-11.0,-6.9,2.4,-6.0,-11.6,-29.1,-18.3,,11.5,,-7.0,,,,,,5.4,,-1.9,,,,-14.8,,-2.1,-1.2,,-0.9,116.96
1998-05-01,,4.0,-6.0,-4.1,,,,,-24.1,4.1,-11.3,-6.0,2.5,-4.7,-11.1,-21.3,-18.9,,8.4,,-6.5,,,,,,8.5,,-1.9,,,,-18.2,,-1.4,0.6,,0.3,114.59
1998-06-01,,-6.0,-7.5,-4.7,,,,,-24.1,1.1,-11.4,-6.2,2.5,-5.5,-9.5,-20.8,-11.7,,9.7,,-7.7,35.5,,,,,6.6,,-1.4,,,,-18.1,,-1.5,-3.4,,-1.1,113.62
1998-07-01,,0.0,-7.7,-6.1,,,,,-21.7,-2.7,-10.0,-4.4,3.1,-3.2,-5.0,-15.6,-7.6,,10.6,,-7.9,,,,,,8.0,,-1.7,,,,-16.3,,-1.8,-0.1,,-3.6,113.19
1998-08-01,,1.0,-7.1,-6.9,,,,,-21.9,-0.9,-10.1,-4.9,2.4,-2.5,-6.4,-17.4,-8.0,,9.9,,-9.2,,,,,,5.5,,-2.6,,,,-17.0,,-0.9,-0.7,,-5.6,112.33
1998-09-01,,0.0,-7.4,-7.1,,,,,-21.5,-0.1,-10.1,-4.9,-0.8,-1.9,-6.1,-17.6,-11.7,,12.4,,-7.5,34.5,,,,,1.5,,-3.1,,,,-19.6,,-0.4,-0.4,,-3.5,108.56
1998-10-01,,0.0,-6.3,-8.2,,,,,-23.4,-1.1,-14.3,-4.1,-1.8,-2.5,-3.7,-16.5,-13.1,,10.2,,-5.8,,,,,,-1.8,,-4.1,,,,-19.3,,0.3,-0.5,,-5.7,104.8
1998-11-01,,4.0,-5.2,-9.1,,,,,-23.5,0.4,-14.3,-3.5,-1.0,-3.7,-3.5,-15.7,-16.4,,11.8,,-5.0,,,,,,0.9,,-4.7,,,,-18.2,,1.5,1.3,,-2.4,110.5
1998-12-01,,2.0,-7.3,-6.1,,,,,-23.1,-5.0,-14.0,-4.3,1.0,-4.6,-5.2,-14.6,-23.3,,13.8,,-5.8,36.6,,,,,1.1,,-3.7,,,,-17.1,-6.6,1.0,-2.5,,-5.4,108.13
1999-01-01,,17.0,-5.6,-3.1,,,,,-26.4,-3.3,-18.7,-3.9,0.5,-3.7,-5.5,-14.7,-21.0,,11.2,,-3.9,,,,,,-0.3,,-1.5,,,,-16.6,-4.4,0.6,-0.1,,-2.4,111.79
1999-02-01,,17.0,-6.8,-5.5,,,,,-27.8,-3.2,-18.2,-4.0,-1.0,-3.5,-4.6,-14.1,-18.0,,9.0,,-5.5,,,,,,-0.9,,-1.1,,,,-18.0,-1.3,0.2,-1.3,,-0.3,116.31
1999-03-01,,13.0,-7.4,-5.5,,,,,-30.3,-1.3,-18.7,-5.3,0.0,-4.6,-6.6,-16.3,-20.6,,12.1,,-7.7,39.0,,,,,-2.2,,-2.9,,,,-17.4,0.1,-0.2,-0.7,,0.5,113.73
1999-04-01,,15.0,-4.9,-5.0,75.86,,,,-26.8,-0.8,-18.1,-6.3,0.7,-5.2,-8.2,-11.1,-27.7,,11.4,,-9.3,,,,,,0.1,,-3.0,,,-29.9,-14.8,2.4,-1.4,-0.5,,0.0,112.54
1999-05-01,,16.0,-3.1,-5.4,77.29,,,,-30.6,-1.5,-18.5,-6.6,1.9,-5.0,-8.7,-10.9,-26.7,,12.3,,-10.2,,,,,,0.6,,-3.0,,,-30.3,-14.1,7.3,-1.6,0.8,,0.2,114.91
1999-06-01,,11.0,-5.2,-11.6,91.51,,,,-24.5,0.6,-18.4,-5.8,2.9,-4.2,-9.3,-9.4,-25.8,,12.6,,-6.8,38.7,,,,,1.8,,-2.6,,,-30.3,-26.4,8.5,-0.3,2.9,,1.1,115.45
1999-07-01,,12.0,-3.3,-8.8,99.11,,,,-25.9,1.6,-22.1,-5.4,2.0,-2.6,-8.0,-10.9,-30.2,,14.2,,-7.7,,,,,,2.1,,-1.4,,,-41.4,-14.9,10.4,0.1,1.6,,0.3,114.05
1999-08-01,,9.0,-0.6,-7.2,98.17,,,,-29.1,8.8,-21.8,-4.8,1.4,-2.0,-8.3,-13.4,-28.4,,14.1,,-7.6,,,,,,4.2,,-1.7,,,-41.7,-16.2,11.3,0.4,4.1,,2.0,112.44
1999-09-01,,12.0,-0.8,-4.5,99.03,,,,-30.4,3.0,-22.2,-4.6,1.4,-1.0,-8.3,-9.3,-21.0,,13.0,,-7.7,40.1,,,,,6.1,,-2.6,,,-41.0,-15.7,12.3,-0.1,5.7,,0.0,115.34
1999-10-01,,13.0,-0.7,-3.7,95.52,,,,-22.4,1.7,-15.9,-2.9,2.5,-0.8,-6.9,-5.5,-20.9,,16.3,,-5.6,,,,,,10.4,,-0.6,,,-38.3,-16.8,12.8,2.0,4.9,,1.7,111.04
1999-11-01,,13.0,-0.9,-0.2,93.87,,,,-23.0,0.9,-16.3,-2.7,2.0,-0.2,-6.8,-5.2,-16.2,,15.6,,-5.9,,,,,,7.1,,-2.8,,,-37.7,-16.3,13.0,1.4,4.6,,-0.4,115.34
1999-12-01,,6.0,-2.4,-0.3,94.62,,,,-20.7,0.3,-15.8,-2.7,2.8,-0.8,-5.8,-2.7,-28.5,,14.5,,-5.4,41.3,,,,,8.1,,-2.9,,,-37.4,-16.9,12.2,-0.2,5.0,,1.8,113.4
2000-01-01,,15.0,-3.0,4.0,100.91,,,,-21.0,-0.3,-21.3,-1.9,3.5,-1.4,-5.6,-1.5,-22.3,,15.0,,-2.3,,,,,,9.4,,-2.4,,,-32.5,-13.6,8.5,0.7,6.7,,3.2,120.51
2000-02-01,,2.0,-9.9,0.6,107.34,,,,-21.4,0.6,-20.6,-2.1,4.2,-1.8,-4.3,-1.4,-23.3,,12.2,,-4.2,,,,,,8.0,,-3.0,,,-31.3,-12.4,8.6,1.8,5.4,,1.5,119.75
2000-03-01,,3.0,-6.7,1.8,100.09,,,,-23.4,0.4,-20.8,-2.0,3.1,-0.9,-4.2,-5.4,-26.2,,11.6,,-5.4,42.1,,,,,8.9,,-3.2,,,-31.1,-16.7,6.9,2.4,6.6,,-2.0,115.23
2000-04-01,,-2.0,-6.5,-1.0,93.93,,,,-20.6,2.6,-20.4,-2.4,1.8,0.1,-5.3,0.5,-30.5,,14.7,,-4.8,,,,,,8.9,,-9.2,,,-36.2,-17.6,6.6,1.5,6.2,,-3.0,117.49
2000-05-01,,-5.0,-4.6,0.1,89.44,,,,-18.9,2.8,-20.5,-1.9,2.1,-0.1,-1.5,-0.2,-25.2,,11.2,,-6.8,,,,,,7.5,,-8.0,,,-30.3,-15.3,3.2,-0.1,5.4,,-0.5,119.11
2000-06-01,,-2.0,-5.9,1.0,94.54,,,,-18.6,3.8,-20.8,-3.1,1.8,-0.2,-5.9,-3.9,-25.4,,11.0,,-6.1,42.9,,,,,8.8,,-9.3,,,-30.4,-19.5,4.3,-0.1,5.4,,-1.4,114.48
2000-07-01,,9.0,-5.8,0.9,98.31,,,,-20.1,2.7,-16.6,-2.4,2.4,1.2,-3.8,-4.7,-27.5,,12.1,,-5.4,,,,,,6.4,,-8.4,,,-29.6,-15.3,5.4,0.2,4.4,,-2.3,116.52
2000-08-01,,14.0,-3.9,3.8,91.2,,,,-17.8,3.6,-16.7,-2.0,1.4,-0.9,-2.8,-12.3,-25.1,,13.7,,-4.3,,,,,,7.1,,-8.9,,,-25.4,-15.9,6.3,0.0,5.9,,0.5,115.45
2000-09-01,,2.0,-7.6,0.5,92.02,,,,-17.4,2.1,-16.5,-4.9,-0.6,-3.1,-6.4,-6.6,-27.0,,8.3,,-7.6,43.6,,,,,6.4,,-11.1,,,-27.0,-19.0,-7.5,-2.8,3.6,,-5.6,114.91
2000-10-01,,0.0,-11.5,3.2,98.51,,,,-15.2,7.6,-18.9,-3.8,-1.4,-0.8,-7.7,-13.0,-25.7,,9.2,,-3.5,,,,,,9.0,,-10.8,,,-23.7,-18.1,-6.7,-3.2,4.8,,0.8,113.83
2000-11-01,,-4.0,-1.8,5.5,99.37,,,,-15.2,0.7,-18.8,-3.0,-0.1,-0.8,-5.4,-17.3,-26.5,,7.9,,-5.7,,,,,,7.5,,-11.7,,,-27.3,-15.2,-16.2,-1.9,3.2,,-0.7,115.77
2000-12-01,,-1.0,-7.6,4.6,100.82,,,,-21.1,3.8,-18.6,-2.8,0.9,1.2,-5.6,-13.9,-22.0,,13.5,,-4.7,43.2,,,,,6.5,,-12.2,,,-36.1,-17.2,-17.3,-2.2,1.3,,1.3,105.87
2001-01-01,,5.0,-8.9,4.0,111.34,,,,-15.9,2.2,-21.0,-2.8,1.5,2.0,-4.3,-15.9,-20.6,,6.5,,-4.8,,,,,,3.5,,-12.3,,,-29.5,-14.8,-10.9,-1.5,-0.3,,2.1,101.89
2001-02-01,,3.0,-8.5,-1.2,113.47,,,,-12.5,2.7,-20.6,-3.7,0.3,0.5,-5.6,-18.9,-18.9,,10.0,,-5.5,,,,,,0.7,,-10.0,,,-32.8,-17.5,-8.1,-2.0,-1.5,,2.0,97.48
2001-03-01,,-11.0,-5.7,-0.4,108.55,,,,-10.5,-0.4,-20.7,-3.7,-2.1,-0.8,-4.8,-17.8,-21.1,,4.3,,-5.2,38.8,,,,,-1.1,,-10.0,,,-35.9,-16.9,-5.4,-1.3,-1.8,,2.0,98.45
2001-04-01,,-10.0,-8.1,-1.5,105.22,,,,-9.1,-4.5,-21.8,-4.9,-2.7,-1.4,-5.4,-16.0,-21.1,,4.5,,-5.3,,,,,46.6,-2.8,,-10.5,,,-31.1,-15.2,-4.2,-4.3,-3.8,,-0.4,95.11
2001-05-01,,-5.0,-6.6,-2.0,102.4,-17.5,,-0.4,-13.4,1.1,-3.5,-6.0,-1.2,-4.7,-7.3,-18.8,-19.6,,7.1,,-3.1,,-5.9,-17.3,,45.2,-1.0,-21.0,-11.6,-14.5,,-30.4,-21.7,0.2,-3.6,-3.6,,1.1,98.99
2001-06-01,,6.0,-6.7,-2.1,79.44,-16.2,,3.0,-11.2,0.7,-2.7,-6.7,-2.2,-4.8,-10.4,-18.5,-19.8,,6.9,,-1.5,39.1,-2.7,-17.0,,44.6,-5.7,-18.3,-12.5,-12.6,,-31.6,-19.5,1.8,-4.2,-1.8,,2.7,99.63
2001-07-01,,8.0,-9.3,-1.1,87.2,-8.2,,-3.1,-10.3,9.9,-2.2,-6.7,-4.1,-4.7,-10.7,-18.1,-17.1,,4.1,,-0.9,,-2.3,-14.1,,46.9,-4.4,-19.6,-11.7,-12.9,,-27.9,-20.4,1.2,-5.2,-4.1,,2.3,99.42
2001-08-01,,5.0,-10.2,-3.1,86.38,-9.0,,-0.2,-10.5,2.2,-0.4,-7.6,-4.6,-6.1,-12.2,-18.0,-16.8,,-0.5,,-1.4,,-0.8,-14.8,,47.7,-5.4,-23.8,-10.0,-15.5,,-29.3,-20.3,1.7,-3.8,-3.8,,-1.3,98.45
2001-09-01,,8.0,-11.3,-4.9,90.74,-12.3,,-7.5,-10.0,3.7,-2.2,-8.3,-4.7,-7.6,-11.5,-13.3,-16.9,,0.7,,-3.4,34.1,-1.9,-13.5,,44.6,-4.0,-26.3,-12.7,-13.0,,-23.9,-18.7,-6.4,-4.9,-6.1,,-1.5,88.01
2001-10-01,,-1.0,-11.1,-10.8,80.65,-20.0,,-20.5,-8.0,2.4,-6.3,-8.0,-4.3,-6.5,-11.4,-17.9,-13.2,,-3.2,,-4.1,,-0.2,-15.6,,41.5,-6.4,-16.9,-13.5,-18.6,,-24.5,-19.3,-3.3,-3.4,-4.4,,-5.3,88.98
2001-11-01,,2.0,-9.0,-10.2,78.31,-22.6,,-11.2,-6.6,3.4,-8.1,-8.3,-4.7,-5.1,-13.4,-12.8,-11.1,,1.1,,-7.5,,2.5,-13.6,,41.6,-4.7,-16.5,-13.5,-17.0,,-21.0,-19.9,0.5,-4.9,-2.9,,-2.6,90.27
2001-12-01,,7.0,-8.4,-5.5,86.28,-21.7,,-4.0,-6.2,6.4,-9.2,-7.5,-2.6,-4.2,-13.8,-13.8,-11.9,,4.7,,-4.7,34.1,2.7,-13.9,,43.2,-1.8,-22.4,-12.9,-14.2,,-21.8,-19.1,4.3,-5.1,-1.8,,1.2,95.54
2002-01-01,,16.0,-7.0,-1.2,87.04,-23.4,,0.6,-6.0,5.9,-5.9,-7.0,-0.7,-4.0,-14.7,-7.4,-9.1,,3.7,,-3.6,,1.2,-12.6,3.3,36.9,4.3,-19.9,-12.9,-15.6,,-20.7,-17.9,7.7,-6.5,1.0,,2.2,100.06
2002-02-01,,14.0,-7.2,-0.9,90.66,-25.5,,-3.7,-4.6,4.6,-2.2,-7.1,0.0,-3.9,-15.4,-9.9,-8.2,,3.5,,-3.6,,-1.4,-13.7,3.8,37.6,1.1,-20.0,-11.0,-17.2,,-20.5,-22.6,9.4,-5.6,4.4,,2.3,97.59
2002-03-01,,18.0,-7.8,-0.8,91.3,-25.8,,-4.5,-6.4,4.3,-0.6,-7.0,0.9,-3.8,-14.6,-11.7,-2.2,,1.9,,-4.2,36.3,-2.0,-13.8,1.3,39.8,1.1,-20.3,-10.3,-19.3,,-20.0,-24.3,12.1,-7.0,6.2,,1.2,102.97
2002-04-01,,12.0,-7.1,-0.9,96.0,-24.3,,1.0,-1.1,4.7,0.1,-8.5,0.7,-5.4,-15.6,-20.8,-1.7,,5.9,,-6.4,,0.8,-12.2,0.9,39.8,-2.8,-21.3,-8.1,-19.0,,-21.5,-23.7,9.9,-7.2,4.1,,1.8,100.06
2002-05-01,,10.0,-7.4,-0.6,96.15,-22.9,,-4.5,-2.5,3.5,2.9,-8.2,1.7,-2.2,-15.7,-16.3,-1.6,,4.4,,-7.0,,-0.6,-11.4,-0.9,41.6,-3.8,-18.0,-16.1,-16.0,,-22.2,-22.9,10.3,-6.6,3.4,,1.9,104.26
2002-06-01,,11.0,-8.3,-3.8,84.4,-25.2,,-3.6,-3.0,2.5,4.0,-9.4,0.3,-3.1,-16.5,-17.9,1.0,,2.7,,-8.0,38.1,0.3,-13.5,2.5,41.5,-6.7,-21.6,-18.9,-20.5,,-24.7,-21.9,13.4,-8.3,3.7,,1.0,99.42
2002-07-01,,9.0,-10.4,-3.1,93.81,-24.9,,-7.7,-3.4,2.8,2.9,-9.1,-0.2,-4.3,-14.6,-11.5,3.2,,-1.2,,-7.7,,-1.0,-12.7,1.2,42.2,-7.9,-17.5,-16.6,-23.1,,-24.5,-20.1,11.8,-9.4,5.2,,0.9,94.79
2002-08-01,,6.0,-12.8,-5.0,89.8,-22.0,,-6.4,-6.7,0.9,3.2,-10.3,-2.0,-5.4,-16.3,-13.1,6.3,,-4.0,,-8.7,,3.5,-11.9,-0.8,42.5,-9.7,-18.1,-17.6,-18.6,,-22.9,-19.4,10.5,-10.6,3.5,,0.8,94.25
2002-09-01,,7.0,-9.3,-6.1,99.22,-25.8,,-8.9,-8.8,4.2,3.9,-10.2,-0.9,-6.7,-15.1,-16.6,2.9,,-4.1,,-10.4,37.2,-1.3,-10.4,-0.9,42.0,-11.7,-15.1,-18.0,-14.5,,-19.9,-19.2,7.3,-7.3,2.7,,2.1,92.64
2002-10-01,,2.0,-9.9,-5.9,94.91,-22.1,,-6.3,-10.3,3.8,0.9,-10.8,-1.7,-5.3,-18.0,-16.3,4.8,,-5.3,,-10.1,,1.8,-8.2,-3.5,41.0,-10.9,-15.1,-22.9,-14.5,,-21.1,-24.1,1.4,-8.9,1.1,,0.3,86.72
2002-11-01,,6.0,-8.8,-4.6,98.68,-24.1,,-5.5,-7.7,2.5,3.6,-12.2,-1.7,-5.1,-24.7,-16.8,0.3,,-5.9,,-9.9,,3.8,-8.4,-5.1,42.1,-10.1,-19.3,-21.8,-13.7,,-36.0,-16.9,-3.8,-8.1,2.2,,0.7,90.59
2002-12-01,,6.0,-8.4,-6.1,102.92,-22.8,,-2.2,-8.5,3.4,3.1,-13.6,-1.3,-4.5,-25.8,-17.0,-1.7,,-11.4,,-13.0,36.4,2.7,-6.4,-3.7,42.9,-10.6,-19.9,-21.2,-11.1,,-35.1,-17.3,-2.5,-13.8,0.1,,-1.9,93.28
2003-01-01,,12.0,-12.3,-8.4,102.97,-23.4,,-1.5,-7.9,3.8,4.6,-14.0,-1.2,-6.7,-23.2,-18.0,-2.4,,-11.3,,-13.0,,1.4,-2.6,-6.7,40.9,-16.3,-18.1,-23.0,-11.1,,-34.8,-19.6,-4.0,-13.1,-0.9,,-4.7,88.66
2003-02-01,,1.0,-12.1,-10.2,103.53,-26.9,,1.3,-8.9,0.6,2.4,-14.6,-2.7,-9.1,-24.5,-19.3,-9.1,,-9.6,,-11.9,,1.3,-3.2,-6.7,39.1,-17.2,-17.9,-24.2,-14.3,,-33.7,-19.5,-3.9,-12.5,-0.3,,-6.8,85.97
2003-03-01,,0.0,-15.6,-12.8,101.89,-25.3,,3.6,-7.8,-1.5,3.9,-15.5,-1.9,-11.3,-23.4,-24.9,-9.1,,-10.6,,-13.9,34.9,-2.1,-4.0,-7.1,37.9,-17.2,-19.5,-25.3,-14.0,,-36.4,-20.9,-10.1,-13.0,-2.9,,-7.3,83.49
2003-04-01,,10.0,-15.1,-8.0,107.66,-30.9,,-1.3,-8.3,-0.5,1.8,-14.6,-2.2,-10.1,-21.7,-22.1,-8.8,,-6.2,,-13.6,,-0.1,-3.7,-3.3,40.0,-16.8,-19.6,-24.5,-15.0,,-34.2,-20.1,-6.5,-11.0,-2.6,,-3.4,92.53
2003-05-01,,10.0,-17.6,-5.0,112.04,-28.6,,-0.3,-11.0,2.8,3.7,-13.9,-1.8,-10.1,-20.9,-20.3,-10.4,,-8.8,,-13.7,,1.9,-3.0,-4.6,41.0,-13.9,-15.5,-22.1,-14.8,,-29.6,-21.4,-5.2,-9.6,-2.2,,-5.1,99.09
2003-06-01,,14.0,-16.5,-6.1,116.81,-27.4,,-3.7,-9.7,5.1,0.4,-13.0,-2.3,-10.0,-18.8,-23.2,-13.9,,-7.2,,-11.6,36.0,0.8,-4.4,-5.1,41.4,-15.6,-14.9,-20.6,-19.3,,-35.1,-20.0,-7.5,-8.3,0.0,,-3.7,96.51
2003-07-01,,16.0,-14.6,-7.4,111.47,-32.0,,-5.1,-13.2,1.5,0.4,-12.6,-1.0,-9.7,-15.7,-21.9,-11.8,,-10.3,,-12.7,,0.4,-5.2,-3.4,41.4,-18.0,-15.0,-20.0,-17.4,,-33.5,-21.4,-6.6,-9.4,0.9,,-4.0,97.8
2003-08-01,,13.0,-15.4,-7.7,109.37,-31.1,,-8.1,-13.9,3.7,0.4,-13.1,-1.2,-10.2,-18.0,-21.0,-22.5,,-7.5,,-13.6,,-3.9,-3.0,-4.8,41.1,-14.1,-17.3,-20.4,-18.3,,-35.9,-21.5,-4.6,-8.6,2.0,,-5.4,96.08
2003-09-01,,14.0,-11.5,-4.2,106.41,-26.1,,-9.4,-8.1,3.7,0.9,-12.8,-0.3,-10.8,-18.3,-24.0,-20.5,,-7.5,,-13.0,39.6,-1.9,-3.8,-0.6,40.1,-12.5,-16.0,-18.5,-15.8,,-31.9,-21.0,-6.7,-7.8,3.8,,-4.3,94.36
2003-10-01,,17.0,-11.0,-6.2,104.72,-22.5,,-11.5,-18.1,5.3,-0.8,-12.6,-0.2,-9.9,-18.0,-22.3,-18.2,,-6.4,,-12.3,,0.4,-1.2,-4.0,39.8,-13.6,-20.0,-14.4,-13.4,,-30.6,-20.2,-4.2,-10.3,1.5,,-5.9,96.4
2003-11-01,,13.0,-12.2,-2.4,108.68,-25.6,,-11.3,-15.3,4.7,-1.2,-12.0,-0.7,-9.7,-16.0,-27.6,-17.8,,-1.7,,-12.9,,3.0,-3.8,-5.7,39.2,-12.1,-23.0,-16.8,-17.5,,-36.0,-19.2,-1.2,-8.7,-0.7,,-5.7,100.82
2003-12-01,,11.0,-10.8,-3.0,115.33,-29.3,,-11.0,-17.0,4.8,-6.1,-12.3,0.3,-8.8,-17.7,-33.2,-19.4,,-1.9,,-14.0,40.3,1.3,-2.3,-4.1,39.6,-9.8,-17.9,-15.5,-16.2,,-37.6,-20.3,-0.5,-8.8,-1.3,,-4.6,99.63
2004-01-01,,20.0,-12.1,-1.6,124.16,-25.1,,-15.0,-16.7,7.6,-4.0,-12.3,0.9,-6.2,-19.6,-23.3,-24.1,,-3.0,,-13.8,,-1.4,-2.1,-3.0,39.6,-13.8,-17.8,-16.1,-8.7,,-34.5,-19.5,-1.1,-9.5,1.2,,-3.5,111.68
2004-02-01,,19.0,-12.6,-0.6,123.4,-23.6,,-17.8,-20.2,5.2,-8.2,-11.6,0.3,-6.9,-16.2,-24.6,-26.5,,-1.1,,-15.5,,-4.7,-4.3,-2.3,39.4,-6.6,-21.4,-16.0,-8.0,,-37.4,-21.2,-2.8,-8.9,3.5,,-4.8,101.57
2004-03-01,,16.0,-9.9,-2.5,113.29,-23.2,,-19.0,-19.2,5.0,-6.8,-11.6,0.4,-7.1,-17.3,-14.8,-26.6,,0.4,,-14.5,42.8,-12.0,-2.9,-3.7,39.6,-9.1,-20.5,-16.6,-12.5,,-32.4,-19.6,-5.1,-8.9,0.1,,-3.4,103.08
2004-04-01,,17.0,-10.7,-2.3,108.01,-19.7,,-16.2,-18.7,10.2,-6.9,-12.1,0.6,-9.7,-17.8,-14.6,-21.9,,1.5,,-14.8,45.1,-5.7,-2.9,-4.9,39.8,-10.2,-19.1,-16.3,-6.7,,-30.3,-19.9,0.3,-7.6,0.5,,-4.7,101.35
2004-05-01,,16.0,-12.3,-2.4,124.23,-21.3,,-17.7,-12.8,7.4,-10.3,-12.1,-0.5,-8.1,-18.3,-17.7,-17.6,,0.7,,-15.5,47.3,-8.4,-4.6,-3.9,41.1,-9.1,-12.9,-16.6,-8.8,,-27.7,-15.1,-4.4,-7.8,-0.3,,-6.1,97.05
2004-06-01,,13.0,-13.2,-0.8,117.07,-21.9,,-23.4,-15.8,7.5,-6.6,-11.8,-0.2,-8.5,-17.1,-21.5,-16.4,,-0.1,,-12.8,44.3,-5.4,-1.3,-2.9,41.1,-10.9,-11.0,-14.5,-7.4,,-24.0,-18.1,-6.3,-10.0,0.5,,-6.3,102.86
2004-07-01,,19.0,-12.1,-4.4,118.5,-23.8,,-25.0,-8.2,7.3,-5.0,-11.7,0.3,-7.9,-18.1,-21.3,-15.5,,3.8,,-13.9,48.7,-0.5,-0.6,-2.0,39.8,-7.1,-14.3,-13.6,-6.3,,-24.3,-17.5,-8.2,-8.9,0.9,,-5.3,104.04
2004-08-01,,20.0,-13.6,-2.1,120.72,-22.8,,-17.5,-12.4,7.5,-5.2,-11.4,0.2,-7.5,-17.7,-21.2,-19.3,,2.2,,-13.6,49.1,-1.1,0.6,-2.3,39.4,-8.1,-9.9,-13.9,-6.0,,-24.3,-17.4,-9.9,-10.4,2.3,,-6.4,103.18
2004-09-01,,20.0,-12.7,-4.0,128.43,-19.4,,-17.7,-14.1,7.7,-4.3,-11.0,-0.1,-7.2,-15.8,-14.1,-15.8,,3.2,,-13.5,46.2,-3.7,3.4,-2.4,40.1,-8.9,-9.9,-14.2,-6.9,,-25.1,-15.7,-8.7,-10.5,2.2,,-7.8,101.35
2004-10-01,,18.0,-13.1,-5.3,141.92,-19.2,,-18.6,-13.7,7.9,-3.6,-10.6,-0.4,-6.5,-17.4,-18.2,-15.8,,5.5,,-11.4,48.3,-3.5,5.3,-2.9,39.1,-11.2,-9.9,-16.6,-6.2,,-21.7,-11.4,-8.3,-8.8,1.4,,-6.6,98.66
2004-11-01,,20.0,-14.6,-5.3,144.96,-20.3,,-18.7,-11.1,8.1,0.7,-11.1,-1.0,-8.1,-17.7,-21.7,-15.1,,3.0,,-11.9,48.3,-3.4,3.5,-2.2,39.2,-11.7,-10.9,-16.6,-2.6,,-19.0,-14.1,-10.4,-9.2,1.1,,-4.1,99.85
2004-12-01,,16.0,-12.3,-5.1,140.41,-18.1,,-18.0,-7.5,8.8,-3.0,-10.7,0.8,-7.0,-16.7,-23.8,-17.9,,6.5,,-12.6,45.0,-2.7,2.5,-1.7,41.7,-13.9,-10.1,-17.1,-4.0,,-17.1,-12.1,-12.5,-8.5,2.7,,-4.2,104.47
2005-01-01,,28.0,-10.2,-4.3,145.02,-17.8,,-15.4,-6.8,9.4,-2.3,-10.0,0.4,-8.2,-13.7,-21.7,-15.7,,5.2,,-12.6,47.7,0.8,1.5,-1.4,42.0,-11.7,-8.8,-16.5,0.5,,-17.5,-10.9,-9.7,-9.3,2.0,,-3.5,102.75
2005-02-01,,23.0,-11.5,-2.9,146.48,-18.4,,-17.5,-6.0,9.7,-2.6,-10.0,1.2,-7.8,-14.5,-22.5,-17.8,,4.5,,-11.4,47.7,0.3,0.3,-3.7,43.2,-9.1,-10.2,-16.3,-5.5,,-16.4,-11.3,0.6,-9.5,1.6,,-3.1,101.25
2005-03-01,,4.0,-9.3,-2.9,144.95,-16.7,,-20.7,-7.8,9.8,-0.1,-10.1,2.3,-7.4,-15.2,-21.4,-16.5,,6.5,,-12.0,44.7,0.7,0.4,-2.0,42.9,-10.6,-10.4,-13.6,-8.5,,-14.6,-14.5,4.0,-10.6,2.1,,-2.5,99.63
2005-04-01,,6.0,-10.5,-5.8,141.75,-18.8,,-22.0,-6.2,7.9,-2.3,-10.8,1.2,-10.2,-15.4,-23.6,-20.6,,2.3,,-11.3,47.1,-1.1,2.0,-4.1,41.1,-7.0,-10.2,-11.7,-11.3,,-12.2,-10.7,1.9,-9.9,-0.8,,-3.4,94.36
2005-05-01,,14.0,-12.8,-8.2,133.62,-14.0,-18.8,-17.9,-6.6,6.2,-0.9,-12.1,-0.1,-13.0,-14.7,-21.1,-22.8,,3.4,,-14.1,47.3,1.9,0.7,-4.6,40.7,-11.6,-7.7,-14.3,-10.3,,-12.9,-11.8,0.7,-10.1,-0.3,,-5.0,93.5
2005-06-01,,12.0,-10.9,-8.0,132.74,-13.3,-19.2,-18.4,-3.6,6.4,0.6,-12.3,-3.5,-9.0,-15.2,-28.3,-23.0,,2.6,,-16.1,46.1,-1.3,2.0,-9.6,41.1,-12.5,-11.4,-21.1,-12.2,,-11.5,-16.3,-2.5,-9.8,0.1,,-5.5,103.29
2005-07-01,,7.0,-13.9,-9.3,133.21,-18.0,-19.5,-26.1,-3.2,6.5,6.5,-12.5,-1.0,-11.4,-16.0,-25.2,-16.3,,2.9,,-15.1,48.2,-1.0,1.3,-4.2,41.1,-9.0,-9.9,-22.2,-14.9,,-14.8,-17.4,-1.6,-9.7,0.3,,-3.8,103.83
2005-08-01,,16.0,-13.7,-8.0,124.89,-21.6,-17.4,-24.5,-6.3,8.8,4.5,-11.6,0.3,-9.2,-14.3,-27.1,-16.9,,-0.9,,-14.6,48.4,1.8,1.9,-2.5,40.3,-13.4,-9.2,-22.5,-15.6,,-16.6,-15.2,-1.3,-9.6,1.7,,-5.1,95.87
2005-09-01,,-1.0,-17.0,-10.8,109.24,-20.0,-19.3,-24.5,-6.3,8.1,-5.2,-12.0,-2.2,-7.2,-13.9,-30.9,-15.8,,-4.8,,-15.4,45.6,-0.2,-1.0,-10.1,41.7,-13.1,-8.0,-22.4,-14.6,,-23.6,-16.9,0.4,-10.0,0.8,,-5.8,82.74
2005-10-01,,-2.0,-13.1,-6.4,107.65,-25.9,-17.0,-27.2,-7.1,10.4,7.6,-11.4,0.0,-12.5,-12.7,-38.0,-15.2,,-1.9,,-12.5,48.1,2.6,1.0,-9.7,42.0,-9.9,-7.4,-21.1,-12.4,,-18.5,-16.8,2.9,-9.8,1.5,,-8.0,79.84
2005-11-01,,6.0,-13.2,-5.4,117.23,-20.1,-16.2,-24.6,-2.1,8.6,6.0,-11.4,-0.2,-13.9,-13.1,-33.4,-12.1,,3.8,,-12.9,48.6,2.9,4.1,-7.0,42.1,-7.5,-6.7,-19.7,-14.2,,-17.0,-21.4,3.5,-12.7,2.3,,-7.0,87.8
2005-12-01,,2.0,-9.1,-4.0,130.16,-22.2,-17.2,-21.0,-6.3,9.2,7.3,-9.7,-0.1,-10.5,-11.7,-31.3,-9.1,,6.5,,-12.3,47.4,6.1,3.5,-8.6,44.3,-6.2,-6.9,-19.0,-12.6,,-16.8,-18.8,4.1,-10.0,2.7,,-7.5,98.45
2006-01-01,,12.0,-5.7,-2.1,131.52,-21.9,-18.0,-20.6,-2.2,12.5,9.8,-8.5,-0.2,-9.0,-7.4,-24.2,-7.3,,5.6,,-14.0,50.0,8.4,4.0,-5.3,43.9,-5.4,-3.1,-19.8,-14.2,,-17.5,-12.7,2.0,-12.2,5.5,,-5.0,98.13
2006-02-01,,10.0,-7.9,-3.6,138.03,-26.3,-18.7,-17.9,-3.5,10.0,9.3,-8.9,1.0,-9.6,-8.2,-27.5,-4.3,,4.6,,-12.7,50.1,7.9,3.4,-7.9,43.9,-4.9,-3.2,-17.9,-13.5,,-18.2,-14.2,1.9,-12.6,3.8,,-4.6,93.28
2006-03-01,,12.0,-5.7,-3.7,137.75,-23.1,-15.8,-19.3,-1.9,9.8,9.1,-8.8,-0.9,-10.8,-8.6,-33.9,-4.6,,2.9,,-11.0,47.7,7.6,2.0,-6.9,45.6,-2.5,-4.7,-16.2,-14.4,,-13.7,-18.2,1.7,-12.5,3.9,,-7.8,95.65
2006-04-01,,11.0,-7.2,-3.5,132.38,-26.8,-17.0,-21.6,-1.9,9.0,10.9,-8.4,-1.8,-7.6,-8.3,-29.0,-2.7,,5.1,,-11.5,49.5,8.7,4.4,-9.6,44.8,-1.3,-7.4,-17.2,-12.4,,-14.7,-17.2,-2.1,-11.4,3.0,,-4.2,94.04
2006-05-01,,4.0,-6.4,-5.0,138.2,-24.9,-17.0,-21.6,-2.6,8.5,12.0,-8.8,-0.4,-12.0,-5.9,-27.8,-16.1,,0.2,,-9.9,48.9,10.4,4.3,-12.7,44.7,-2.5,-6.9,-18.6,-10.5,,-15.2,-14.7,-3.4,-12.5,4.9,,-6.8,85.11
2006-06-01,,4.0,-6.4,-3.8,134.4,-25.1,-14.1,-18.9,-1.7,8.3,10.3,-9.5,0.6,-12.2,-7.4,-24.4,-33.1,,-4.3,,-12.4,46.6,10.6,5.2,-6.9,44.2,0.8,-5.0,-17.2,-11.2,,-13.2,-12.8,-2.8,-13.2,3.2,,-5.5,91.35
2006-07-01,,7.0,-7.1,-2.5,134.17,-21.7,-13.9,-18.8,-3.4,6.5,11.4,-8.7,-1.5,-8.9,-8.5,-25.9,-38.2,,0.0,,-9.9,48.4,12.8,4.3,-8.7,44.9,0.2,-3.1,-17.7,-12.4,,-10.6,-13.3,-4.4,-12.8,2.1,,-6.1,91.13
2006-08-01,,-10.0,-8.1,-4.8,128.24,-19.5,-14.9,-17.5,-4.2,7.8,10.4,-8.6,-1.1,-8.8,-9.0,-28.0,-38.4,,-4.0,,-11.0,47.5,10.2,3.5,-6.8,45.0,0.2,-4.5,-15.2,-11.0,,-10.7,-15.4,-4.2,-11.5,3.2,,-7.4,88.23
2006-09-01,,1.0,-5.9,-3.9,131.36,-22.5,-14.5,-20.4,-4.4,7.3,11.5,-8.3,-0.5,-8.8,-9.2,-26.0,-43.8,,-2.3,,-8.1,46.0,13.7,6.1,-4.2,45.1,2.3,-4.7,-12.8,-10.4,,-7.5,-14.5,-3.9,-12.5,3.6,,-7.6,91.89
2006-10-01,,5.0,-3.8,-0.8,132.29,-16.9,-12.9,-12.0,-3.8,9.9,12.5,-8.0,-0.9,-6.6,-10.7,-27.7,-39.4,,-1.2,,-11.2,48.3,9.1,5.8,-6.3,44.3,1.9,-4.6,-13.0,-10.0,,-7.0,-13.6,-3.5,-9.8,4.8,,-4.8,100.71
2006-11-01,,-5.0,-4.0,-0.9,134.62,-18.8,-14.3,-11.4,-4.8,10.1,11.2,-7.7,1.1,-7.4,-9.6,-27.9,-40.8,,-3.4,,-11.1,49.1,11.6,7.8,-4.1,43.2,0.6,-3.7,-14.1,-12.6,,-5.3,-13.4,-3.0,-9.3,3.0,,-5.9,99.09
2006-12-01,,6.0,-6.8,-2.6,127.5,-19.1,-10.6,-6.2,-2.7,8.4,10.0,-6.4,0.6,-7.1,-8.1,-25.3,-42.7,,-1.3,,-7.2,47.0,9.4,8.1,-5.7,44.8,3.6,-0.1,-12.4,-9.9,,2.6,-15.9,-5.3,-10.4,3.5,,-5.9,98.66
2007-01-01,,14.0,-1.5,-2.3,133.89,-18.0,-11.7,-11.7,-3.5,8.6,12.5,-7.4,0.8,-6.8,-7.7,-26.0,-44.8,,-1.8,,-11.0,49.0,10.7,10.9,-4.4,42.7,4.4,-4.4,-15.3,-7.8,,1.1,-11.5,-6.2,-12.3,2.2,,-8.6,104.26
2007-02-01,,14.0,-1.4,-1.6,134.39,-16.2,-11.8,-11.8,-2.2,8.3,11.4,-6.5,0.2,-6.0,-5.4,-26.6,-42.9,,-1.8,,-10.8,49.0,9.8,11.9,-5.0,42.4,3.9,0.3,-15.0,-6.8,,0.2,-11.3,-3.8,-11.8,5.1,,-7.0,98.23
2007-03-01,,16.0,-2.6,-3.0,127.87,-17.0,-11.2,-13.8,-2.7,9.1,11.1,-6.3,-0.1,-6.2,-4.7,-21.9,-39.8,,-5.9,,-10.0,46.7,5.8,11.7,-3.7,43.6,2.6,-4.8,-14.9,-7.0,,0.1,-11.7,-3.8,-11.1,2.6,,-7.4,95.11
2007-04-01,,15.0,-1.7,-1.8,127.97,-13.0,-10.0,-11.9,-6.8,7.9,8.9,-6.2,0.8,-5.9,-2.5,-26.6,-39.6,,-11.3,,-12.2,47.0,5.3,10.1,-5.7,43.4,4.7,-1.2,-14.2,-4.4,,3.2,-14.8,-2.6,-12.1,6.8,,-5.7,93.71
2007-05-01,,24.0,-2.9,-1.7,126.49,-15.2,-10.8,-12.1,-4.3,7.3,7.9,-5.2,-0.1,-1.8,0.0,-23.6,-40.7,,-1.6,,-12.7,46.3,5.5,9.9,0.2,43.8,3.4,0.7,-13.6,-6.3,,-1.5,-10.6,-0.4,-12.1,4.1,7.9,-3.5,95.01
2007-06-01,,22.0,-1.1,-2.0,129.77,-13.5,-10.4,-12.2,-4.7,8.9,6.6,-5.7,1.0,-1.4,-0.8,-26.2,-40.1,,-2.6,,-15.3,44.3,9.1,9.9,-2.1,43.1,5.1,-0.7,-16.1,-6.8,,-2.0,-12.8,1.4,-11.5,3.9,2.5,-4.4,91.78
2007-07-01,,21.0,-2.2,-3.6,130.12,-18.4,-10.2,-8.9,-5.5,7.9,4.7,-5.4,0.3,-2.4,-1.0,-23.6,-39.1,,-6.3,,-14.1,44.1,6.8,8.9,-2.7,43.0,4.2,1.4,-15.5,-4.0,,0.4,-12.7,4.0,-10.0,3.6,6.7,-4.7,97.27
2007-08-01,,11.0,-3.9,-5.9,130.3,-26.9,-10.9,-12.1,-3.3,7.6,-0.4,-7.1,-0.2,-4.3,-4.2,-29.3,-40.3,,-5.2,,-14.9,43.9,4.3,10.2,-2.1,44.0,4.4,-1.0,-17.5,-6.1,,-4.7,-11.0,5.3,-12.3,2.5,8.5,-4.7,89.73
2007-09-01,,16.0,-4.2,-6.2,131.81,-26.6,-12.6,-15.3,-6.6,6.6,-0.1,-8.5,-1.9,-6.4,-5.8,-18.7,-43.3,,-4.9,,-14.8,43.5,2.8,7.9,-4.9,43.0,-4.2,0.9,-16.6,-5.6,,-5.4,-22.5,4.7,-14.1,1.9,8.5,-5.7,89.73
2007-10-01,,15.0,-6.6,-5.8,133.34,-25.5,-12.0,-16.8,-7.7,8.1,-4.5,-8.4,-1.6,-7.0,-5.7,-21.1,-44.0,,-4.3,,-14.5,42.7,-3.9,3.6,-1.9,41.3,-2.1,1.7,-17.9,-5.9,,-8.0,-25.8,6.0,-15.1,3.2,5.4,-5.0,87.04
2007-11-01,,11.0,-9.2,-11.4,136.25,-25.5,-12.6,-18.0,-14.2,6.2,-4.3,-10.7,-2.6,-11.3,-8.6,-27.9,-43.9,,-11.0,,-15.8,40.3,-5.0,1.2,-9.7,40.9,-2.7,3.8,-18.8,-5.7,,-10.4,-23.6,3.9,-17.0,1.2,-3.1,-7.6,81.88
2007-12-01,,13.0,-10.1,-9.2,139.9,-23.7,-18.3,-11.5,-17.1,4.9,-5.2,-10.8,-3.0,-10.0,-8.1,-27.9,-36.1,,-10.8,,-16.4,39.2,-2.6,2.4,-7.6,42.8,-3.9,4.6,-21.0,-3.0,,-6.9,-20.9,5.1,-20.2,0.9,2.8,-8.4,81.23
2008-01-01,,8.0,-13.4,-11.6,142.61,-23.1,-17.9,-9.3,-13.4,0.6,-8.4,-12.8,-3.2,-14.5,-8.0,-26.2,-37.7,,-12.6,,-17.8,38.5,-7.6,2.3,-6.5,42.2,-5.7,1.7,-25.1,-9.8,,-6.3,-28.8,3.3,-20.7,-1.0,2.5,-8.7,84.35
2008-02-01,,-3.0,-13.6,-10.2,146.9,-21.0,-20.0,-10.5,-9.5,0.9,-9.5,-12.9,-4.0,-13.6,-9.2,-30.4,-38.9,,-10.9,,-17.2,37.5,-5.7,2.5,-6.5,41.2,-7.9,1.8,-23.7,-10.4,,-11.9,-27.7,1.1,-21.3,-3.4,-5.7,-10.9,76.18
2008-03-01,,-11.0,-13.7,-10.3,147.72,-22.5,-19.2,-9.9,-6.1,2.3,-6.8,-13.1,-4.4,-14.4,-9.3,-31.1,-40.3,,-12.6,,-18.2,36.9,-7.4,2.4,-10.0,41.9,-6.3,-0.6,-25.1,-9.0,,-9.4,-23.4,-2.0,-20.7,-1.5,-10.6,-12.7,74.78
2008-04-01,,-13.0,-16.3,-12.2,148.56,-24.1,-19.2,-12.5,-6.7,-0.5,-8.4,-13.8,-5.1,-15.7,-8.0,-32.7,-44.3,,-15.9,,-17.2,34.8,-10.4,-1.0,-12.3,40.2,-10.0,3.7,-22.3,-6.0,,-10.1,-22.1,-2.3,-24.1,-3.1,-11.8,-17.7,67.35
2008-05-01,,-10.0,-16.9,-14.1,147.36,-22.8,-22.6,-17.6,-9.1,0.5,-11.6,-15.1,-7.6,-17.7,-10.3,-35.5,-46.2,,-10.9,,-14.0,33.0,-9.4,-4.6,-13.7,38.9,-10.9,4.1,-23.3,-6.7,,-14.9,-24.7,-9.1,-28.0,-4.4,-13.8,-21.0,64.34
2008-06-01,,-15.0,-21.8,-16.8,142.59,-23.1,-30.1,-22.5,-15.1,-3.6,-11.9,-18.4,-8.8,-20.6,-12.3,-44.2,-40.5,,-19.4,,-17.0,31.8,-10.6,-9.6,-17.4,37.7,-10.8,2.5,-33.2,-6.6,,-10.3,-30.0,-13.2,-34.3,-8.1,-17.4,-25.1,60.68
2008-07-01,,-21.0,-22.9,-17.8,131.23,-23.9,-27.7,-23.7,-11.0,-3.9,-15.7,-20.3,-10.3,-20.0,-15.8,-37.1,-36.4,,-21.0,,-21.7,30.7,-5.9,-10.9,-16.9,36.7,-19.0,-2.3,-30.3,-8.6,,-11.9,-27.0,-24.8,-35.5,-10.8,-11.4,-29.7,65.85
2008-08-01,,-14.0,-22.5,-14.9,137.05,-19.8,-26.4,-13.3,-8.4,-4.8,-12.5,-18.2,-10.2,-18.3,-16.7,-39.7,-40.2,,-19.0,,-18.5,29.6,-12.6,-10.4,-14.7,37.3,-13.7,2.1,-26.6,-3.4,,-12.7,-26.7,-7.5,-32.4,-8.4,-3.9,-25.8,67.78
2008-09-01,,-8.0,-18.3,-12.4,141.28,-17.5,-28.3,-13.8,-8.8,-3.8,-17.8,-16.9,-8.6,-17.2,-15.0,-41.8,-39.1,,-16.3,,-15.5,30.7,-13.4,-10.8,-14.3,36.7,-11.4,3.4,-21.6,-2.3,,-10.9,-20.8,-8.6,-33.4,-6.9,-7.6,-24.2,75.64
2008-10-01,,-18.0,-20.9,-15.3,140.46,-25.9,-26.7,-17.8,-13.6,-5.1,-20.3,-19.3,-11.6,-19.7,-18.0,-52.0,-47.4,,-26.9,,-14.5,29.2,-15.5,-14.8,-19.9,34.2,-14.1,0.7,-25.5,-6.7,,-10.7,-27.7,-20.6,-36.9,-8.9,-14.1,-24.7,61.97
2008-11-01,,-15.0,-23.5,-14.8,133.85,-29.9,-27.4,-26.3,-14.1,1.2,-20.3,-19.3,-12.5,-16.9,-17.6,-50.3,-48.0,,-26.3,,-16.8,28.8,-18.3,-19.7,-19.3,34.9,-13.9,-5.0,-28.0,-13.3,,-18.1,-32.2,-25.2,-35.8,-7.5,-18.1,-23.5,59.5
2008-12-01,,-8.0,-20.6,-17.7,128.66,-32.2,-33.5,-26.9,-18.6,1.2,-22.7,-20.4,-13.0,-18.4,-21.0,-43.2,-47.9,,-25.8,,-17.3,27.6,-31.9,-27.1,-22.1,35.0,-14.1,-1.2,-30.5,-18.0,,-18.6,-31.4,-30.0,-36.4,-7.5,-21.8,-24.0,64.66
2009-01-01,,-10.0,-20.8,-12.6,125.16,-30.0,-32.3,-25.5,-16.5,0.0,-23.3,-20.3,-10.1,-18.0,-20.6,-36.1,-54.4,,-27.2,,-16.8,27.5,-35.2,-32.0,-17.7,34.4,-14.1,-6.4,-32.7,-25.1,,-20.6,-35.7,-23.2,-35.9,-5.2,-17.0,-29.1,65.85
2009-02-01,,-14.0,-19.0,-15.4,134.12,-31.0,-33.4,-28.8,-21.4,0.5,-26.6,-21.5,-9.9,-18.9,-20.8,-43.7,-55.0,,-30.6,,-16.1,27.7,-36.8,-30.8,-16.1,33.4,-13.9,-15.7,-32.9,-29.1,,-32.6,-32.1,-21.6,-40.3,-3.5,-14.9,-25.6,60.58
2009-03-01,,-14.0,-18.1,-14.7,130.88,-26.9,-32.4,-29.2,-16.1,0.5,-28.1,-21.7,-9.4,-19.9,-22.4,-43.1,-57.3,,-32.5,,-17.4,29.4,-38.1,-31.7,-17.5,33.5,-17.2,-18.7,-30.7,-32.4,,-34.7,-34.2,-25.1,-33.9,-4.7,-15.4,-21.9,61.65
2009-04-01,,-7.0,-20.4,-12.9,126.33,-32.8,-35.6,-30.2,-16.0,3.2,-26.8,-19.6,-6.8,-15.7,-20.6,-36.5,-57.5,,-31.6,,-15.3,32.1,-34.9,-33.7,-16.8,34.6,-12.8,-14.2,-26.8,-31.4,,-35.9,-38.1,-5.7,-30.9,-6.7,-6.5,-17.6,70.04
2009-05-01,,-11.0,-17.0,-12.2,128.95,-32.9,-31.2,-25.0,-10.3,6.1,-23.9,-18.0,-3.2,-15.5,-19.7,-37.4,-56.0,,-33.4,,-14.9,34.9,-33.9,-31.6,-15.0,33.2,-8.2,-10.1,-25.9,-31.2,,-29.9,-30.0,4.9,-25.7,-0.7,-6.8,-18.9,73.92
2009-06-01,,0.0,-13.9,-9.2,139.99,-32.3,-34.3,-18.2,-13.5,3.7,-25.2,-16.8,-3.0,-14.1,-18.3,-35.6,-54.2,,-27.4,,-14.3,36.5,-47.1,-29.0,-14.3,34.2,-9.4,-8.9,-23.2,-25.0,,-27.9,-25.8,7.2,-24.6,0.2,-7.1,-15.8,76.18
2009-07-01,,9.0,-12.5,-10.6,145.01,-26.8,-39.3,-24.1,-15.9,6.0,-26.0,-15.5,-2.2,-13.4,-15.3,-35.7,-52.1,,-30.4,,-13.1,38.6,-43.1,-31.0,-9.9,36.1,-9.6,-12.5,-17.7,-30.2,,-27.8,-27.4,9.5,-21.9,1.4,-8.3,-15.2,71.01
2009-08-01,,13.0,-7.8,-7.0,145.61,-27.3,-41.7,-26.9,-11.5,4.9,-22.8,-13.9,-2.2,-15.9,-12.2,-36.4,-50.1,,-30.9,,-12.1,39.4,-40.5,-34.7,-10.2,34.5,-5.6,-6.3,-15.6,-29.3,,-27.9,-26.2,17.2,-21.3,4.7,-10.5,-15.9,70.69
2009-09-01,,19.0,-7.0,-6.1,148.81,-26.8,-34.3,-22.6,-14.2,6.6,-20.5,-12.4,-0.7,-11.6,-10.0,-32.9,-47.3,,-27.1,,-11.7,39.8,-42.1,-28.2,-5.3,34.5,-4.3,-9.6,-10.8,-32.6,,-22.1,-21.9,16.7,-22.2,5.7,-9.3,-8.1,79.08
2009-10-01,,21.0,-6.4,-7.1,157.15,-27.8,-34.5,-26.0,-15.8,6.2,-19.6,-11.3,0.3,-10.3,-8.6,-23.0,-41.6,,-24.2,,-10.6,40.2,-44.5,-33.7,-9.4,32.6,-6.8,-8.4,-14.0,-36.7,,-24.2,-29.6,21.5,-21.7,6.7,-8.4,-7.1,75.96
2009-11-01,,18.0,-7.2,-5.1,155.79,-29.8,-33.3,-27.8,-10.7,4.9,-18.1,-11.3,-0.7,-8.6,-10.9,-29.1,-43.2,,-27.9,,-8.6,40.2,-40.6,-37.3,-8.5,33.2,-2.9,-10.7,-16.2,-33.8,,-27.3,-27.3,17.0,-22.2,6.9,-12.4,-7.9,72.52
2009-12-01,,14.0,-5.6,-8.7,156.63,-29.6,-36.6,-28.2,-13.6,5.7,-20.6,-10.9,1.0,-9.1,-9.2,-35.8,-40.7,,-29.4,,-9.7,38.9,-44.5,-37.3,-9.2,34.0,-1.7,-8.2,-19.5,-26.9,,-21.7,-29.1,15.5,-19.4,5.6,-12.3,-11.0,78.01
2010-01-01,,20.0,-5.0,-8.1,160.47,-30.6,-39.3,-27.6,-15.4,6.9,-18.5,-11.6,1.6,-8.2,-11.5,-38.5,-41.0,,-22.8,,-11.8,40.1,-35.1,-34.6,-8.9,34.8,0.1,-7.8,-17.6,-35.2,,-20.7,-26.6,16.0,-19.4,4.2,-6.9,-9.9,80.05
2010-02-01,,17.0,-4.6,-9.9,161.43,-35.6,-36.7,-25.5,-13.8,7.8,-17.8,-13.1,3.4,-10.5,-11.5,-43.9,-39.7,,-22.1,,-15.3,40.7,-31.5,-30.9,-7.9,34.3,-2.7,-7.8,-20.3,-34.4,,-17.9,-25.4,13.6,-22.1,6.8,-9.2,-8.0,79.19
2010-03-01,,17.0,-8.6,-8.3,159.92,-33.5,-38.7,-30.5,-12.3,6.1,-18.5,-13.5,3.1,-12.5,-9.5,-53.5,-35.6,,-23.7,,-15.7,41.4,-28.3,-30.8,-4.5,34.7,-2.9,-6.1,-22.4,-33.6,,-17.3,-26.4,13.5,-23.3,6.5,-6.9,-9.6,79.19
2010-04-01,,16.0,-5.9,-5.6,154.66,-31.1,-35.3,-31.3,-11.0,8.1,-15.1,-12.4,3.4,-12.4,-5.5,-54.3,-32.2,,-22.8,,-14.3,41.9,-29.9,-27.5,-12.0,35.0,-9.0,-6.1,-22.3,-35.0,,-17.5,-26.9,13.2,-22.6,7.4,-6.9,-9.9,77.68
2010-05-01,,8.0,-9.8,-10.7,155.77,-31.6,-35.8,-30.4,-12.6,6.7,-15.3,-15.4,0.5,-14.8,-9.9,-62.0,-26.1,,-19.6,,-17.4,42.0,-22.3,-27.6,-12.3,35.6,-7.4,-5.8,-26.9,-46.8,,-19.5,-28.2,13.3,-25.7,5.9,-5.1,-13.7,79.19
2010-06-01,,2.0,-8.8,-8.7,160.55,-30.3,-36.8,-27.7,-10.8,3.0,-13.0,-16.2,1.9,-15.7,-9.0,-64.0,-21.3,,-19.0,,-19.3,42.3,-23.2,-28.2,-9.8,36.8,-6.9,-9.6,-27.0,-53.2,,-18.7,-26.4,14.9,-28.8,7.0,-1.9,-14.4,81.77
2010-07-01,,13.0,-5.9,-7.2,157.16,-33.9,-35.6,-21.4,-11.8,7.2,-12.2,-14.2,2.7,-14.9,-3.7,-60.7,-24.6,,-17.1,,-19.5,42.3,-24.3,-23.1,-8.6,36.9,-7.3,-4.4,-27.3,-52.2,,-18.0,-28.0,14.9,-28.3,6.1,-2.6,-17.9,72.95
2010-08-01,,19.0,-3.2,-4.6,164.5,-30.4,-35.3,-21.0,-14.0,5.3,-11.4,-12.1,3.7,-13.0,-1.4,-57.3,-19.4,,-21.7,,-18.3,41.7,-22.5,-21.0,-3.0,37.2,-4.5,-8.7,-25.8,-45.9,,-21.2,-29.6,12.6,-23.8,6.6,-2.3,-14.3,74.13
2010-09-01,,13.0,-1.5,-5.2,162.62,-32.2,-34.3,-21.9,-14.7,5.6,-10.0,-11.8,4.8,-13.7,0.3,-62.6,-20.6,,-24.0,,-17.5,40.7,-21.2,-20.9,-6.4,38.3,-6.5,-10.0,-22.4,-46.1,,-21.5,-29.2,11.6,-22.3,8.1,2.1,-16.7,73.38
2010-10-01,,17.0,-1.4,-4.8,155.37,-29.6,-35.9,-25.1,-18.1,5.3,-13.5,-12.2,2.9,-12.5,0.0,-63.3,-19.6,,-31.6,,-18.6,40.8,-16.4,-19.8,-7.9,37.4,-5.4,-10.4,-37.7,-46.2,,-26.5,-26.5,11.1,-23.2,6.2,1.2,-15.9,72.84
2010-11-01,,11.0,-4.5,-4.0,160.06,-28.3,-35.4,-25.2,-15.7,6.7,-9.9,-11.1,2.2,-9.4,2.2,-63.3,-18.9,,-34.0,,-18.8,41.3,-18.9,-19.2,-6.0,37.2,-4.6,-11.7,-40.0,-44.5,,-20.9,-28.0,14.2,-23.7,6.2,2.2,-18.1,77.04
2010-12-01,,11.0,-5.6,-5.6,164.26,-24.7,-36.2,-32.7,-18.0,5.0,-11.5,-12.3,-1.8,-12.5,1.3,-71.1,-20.8,,-36.1,,-16.0,41.5,-23.1,-19.4,-10.2,38.2,-8.7,-11.4,-36.3,-45.6,,-23.7,-29.2,13.1,-25.6,5.5,3.0,-17.7,80.16
2011-01-01,,5.0,-4.5,-8.6,160.83,-28.7,-36.3,-32.5,-18.0,4.3,-9.5,-13.0,0.1,-14.4,0.9,-67.4,-24.9,,-35.1,,-19.9,41.7,-19.0,-19.6,-7.8,38.5,-3.2,-10.0,-37.9,-41.4,,-25.9,-27.8,11.6,-26.1,6.8,2.0,-23.8,79.84
2011-02-01,,7.0,-4.7,-5.5,164.21,-29.3,-35.6,-29.4,-17.3,3.7,-9.5,-12.5,0.1,-14.7,1.3,-63.3,-26.8,,-34.3,,-19.7,41.2,-19.3,-18.9,-6.5,38.4,-2.8,-11.5,-33.2,-41.6,,-25.5,-32.2,9.4,-23.7,6.5,3.1,-20.8,83.39
2011-03-01,,4.0,-6.1,-9.2,160.29,-35.2,-40.7,-26.1,-22.1,3.5,-8.6,-13.7,-0.4,-15.9,0.0,-63.9,-35.1,,-24.8,-12.8,-20.8,38.5,-21.1,-17.1,-5.9,38.3,-4.1,-15.8,-35.1,-38.0,,-30.3,-31.6,-1.3,-23.8,4.3,3.3,-21.5,72.63
2011-04-01,,5.0,-6.0,-9.4,159.44,-33.8,-34.4,-29.2,-20.5,4.1,-12.4,-14.8,-0.6,-16.6,-0.7,-64.6,-34.8,,-26.4,-9.25,-22.1,33.2,-23.5,-15.7,-10.1,37.6,-4.9,-19.6,-39.4,-37.6,,-30.2,-29.7,0.8,-24.6,3.6,3.4,-24.5,75.1
2011-05-01,,4.0,-8.7,-7.7,153.0,-34.8,-33.6,-27.1,-22.0,4.4,-13.5,-14.6,-1.6,-15.4,-1.3,-65.1,-34.1,,-25.5,-13.64,-23.3,34.2,-17.8,-14.6,-8.1,37.4,-6.6,-12.9,-36.3,-35.1,,-26.3,-29.3,4.4,-21.9,3.1,5.1,-17.0,79.94
2011-06-01,,1.0,-7.0,-8.9,153.81,-33.2,-30.9,-26.6,-25.0,4.7,-11.8,-14.2,-5.5,-16.1,0.2,-72.5,-35.6,,-26.0,-8.1,-20.1,35.2,-14.5,-14.6,-8.9,38.8,-8.2,-14.0,-35.6,-35.3,,-26.5,-27.5,2.1,-21.7,2.8,6.8,-19.8,76.93
2011-07-01,,-7.0,-7.9,-9.4,152.93,-34.4,-29.1,-29.1,-21.9,2.2,-11.4,-14.1,-5.6,-15.1,-0.1,-72.6,-37.2,,-27.7,-12.49,-22.1,36.8,-13.9,-12.9,-4.6,39.8,-6.7,-10.3,-35.7,-37.1,,-26.2,-28.3,2.5,-20.8,1.2,7.7,-23.4,68.54
2011-08-01,,-10.0,-9.2,-10.2,152.71,-35.0,-32.8,-46.0,-22.3,-0.6,-14.2,-16.4,-8.5,-19.0,-4.4,-66.3,-31.4,,-26.4,-17.05,-22.8,36.9,-9.9,-12.2,-5.6,38.9,-12.8,-13.1,-35.6,-31.2,,-23.5,-27.5,-2.0,-23.4,-3.1,4.4,-24.3,59.93
2011-09-01,,-3.0,-13.2,-11.5,154.08,-31.5,-30.7,-42.6,-23.0,2.3,-16.9,-17.0,-9.4,-18.7,-3.9,-66.5,-36.8,,-26.5,-14.0,-23.1,38.2,-9.0,-12.5,-9.6,38.5,-18.2,-11.5,-38.9,-34.3,,-25.5,-26.8,-2.7,-23.8,-4.3,4.7,-23.1,63.91
2011-10-01,,-3.0,-16.4,-8.2,151.91,-29.4,-30.5,-36.0,-21.8,-2.0,-15.6,-17.8,-9.5,-16.1,-6.3,-78.1,-40.5,,-19.3,-12.96,-25.8,38.7,-12.1,-15.5,-11.7,37.7,-23.2,-11.1,-40.4,-35.3,,-28.2,-31.1,-0.2,-25.8,-3.8,3.1,-24.5,65.52
2011-11-01,,3.0,-15.3,-12.0,155.36,-31.5,-29.3,-40.1,-29.2,-5.3,-17.6,-17.3,-10.2,-19.0,-6.2,-78.5,-41.0,,-22.6,-14.73,-21.3,38.6,-12.7,-15.1,-15.9,37.4,-18.9,-12.6,-43.3,-32.9,,-32.7,-30.4,4.2,-22.4,-4.5,2.9,-23.6,68.97
2011-12-01,,-5.0,-17.1,-11.9,158.17,-34.9,-24.7,-43.7,-29.5,-4.0,-18.0,-18.4,-10.3,-19.8,-4.4,-79.0,-44.7,,-31.9,-11.36,-24.8,39.2,-14.6,-19.8,-15.9,37.7,-23.0,-19.9,-44.6,-33.8,,-37.3,-27.7,-1.6,-22.3,-4.2,3.4,-24.8,75.21
2012-01-01,,-3.0,-14.3,-14.6,158.33,-30.6,-23.8,-37.9,-28.0,-2.9,-17.1,-18.4,-7.0,-18.7,-4.1,-74.8,-50.3,119.2,-29.9,-13.6,-27.0,39.9,-9.6,-15.6,-12.3,39.4,-22.5,-15.4,-43.3,-32.7,,-33.0,-30.0,-2.9,-27.0,-1.1,4.3,-23.1,80.7
2012-02-01,,1.0,-14.7,-16.5,170.18,-33.8,-26.8,-38.9,-25.1,-0.7,-16.5,-17.6,-4.3,-16.7,-4.5,-81.3,-44.1,111.7,-28.4,-15.73,-23.8,39.8,-7.5,-14.3,-14.0,39.0,-19.1,-16.4,-41.1,-32.5,,-31.7,-31.2,1.2,-28.2,-1.9,6.1,-21.3,81.02
2012-03-01,,-4.0,-15.7,-13.0,164.42,-35.2,-29.8,-39.3,-30.5,2.8,-17.5,-16.8,-5.6,-13.2,-4.6,-77.7,-44.7,107.3,-23.8,-14.96,-21.9,40.0,-9.7,-13.2,-10.8,38.9,-21.9,-15.6,-39.7,-34.3,,-30.6,-31.3,1.8,-30.8,0.9,7.1,-23.5,81.99
2012-04-01,,-5.0,-9.9,-9.4,164.99,-35.7,-33.2,-35.7,-28.5,2.5,-16.1,-17.8,-3.0,-13.6,-4.0,-76.7,-41.9,102.5,-24.7,-15.01,-29.4,39.8,-11.3,-14.5,-12.6,40.2,-16.9,-16.3,-40.2,-30.3,,-24.4,-41.9,5.9,-32.3,1.6,3.1,-24.5,82.2
2012-05-01,,-5.0,-11.5,-11.3,163.05,-34.9,-36.6,-40.6,-31.3,0.3,-14.4,-18.2,-2.8,-11.3,-4.3,-75.0,-48.3,109.0,-23.9,-11.3,-30.9,40.2,-8.8,-11.3,-13.0,39.7,-21.4,-16.6,-38.1,-23.1,,-22.8,-36.7,6.3,-34.0,1.1,5.3,-23.7,85.32
2012-06-01,,-4.0,-12.4,-9.4,162.35,-32.2,-34.4,-42.6,-27.5,-0.3,-15.5,-18.2,-7.7,-12.2,-3.9,-71.1,-44.6,114.4,-24.1,-9.75,-31.2,40.0,-2.3,-10.8,-10.3,39.7,-23.9,-18.1,-37.1,-23.6,,-24.0,-39.0,0.5,-31.3,-0.4,5.6,-24.2,78.76
2012-07-01,,-1.0,-10.5,-10.1,160.56,-34.9,-32.8,-48.6,-25.8,2.3,-15.1,-18.2,-9.1,-15.8,-5.5,-67.1,-43.1,113.5,-16.7,-12.75,-29.0,39.8,-6.0,-11.2,-10.6,41.1,-15.6,-14.1,-37.3,-24.4,,-24.2,-37.5,-0.8,-33.8,0.7,4.1,-23.2,77.79
2012-08-01,,-3.0,-13.2,-10.0,156.3,-35.5,-36.2,-49.5,-22.2,1.0,-14.2,-18.7,-9.9,-16.0,-6.8,-64.6,-41.9,115.7,-16.9,-23.1,-26.3,40.3,-5.4,-10.1,-13.4,40.8,-17.0,-14.0,-36.2,-28.8,,-25.1,-36.5,-0.4,-40.6,0.2,-2.3,-21.9,79.94
2012-09-01,,-2.0,-14.6,-10.5,158.29,-35.4,-36.2,-49.6,-24.9,1.3,-17.1,-20.2,-8.4,-18.9,-7.9,-71.1,-41.4,117.7,-23.9,-25.39,-28.5,40.2,-5.9,-11.5,-12.5,39.4,-15.4,-15.9,-42.4,-31.1,,-29.8,-43.0,-2.3,-37.8,-1.4,1.1,-21.9,84.25
2012-10-01,,-1.0,-11.1,-12.5,161.38,-37.1,-36.7,-52.3,-28.3,-0.9,-21.1,-19.8,-8.8,-19.2,-7.7,-75.0,-44.6,119.5,-24.7,-20.97,-27.1,40.0,-7.0,-10.1,-18.1,39.6,-16.4,-17.2,-47.8,-30.0,,-33.9,-40.2,-1.0,-35.3,-2.4,-7.1,-23.1,88.87
2012-11-01,,4.0,-14.2,-15.4,159.69,-35.6,-39.0,-52.6,-27.5,3.2,-19.9,-19.9,-6.8,-18.3,-6.9,-74.5,-44.9,120.1,-22.8,-18.03,-28.9,40.1,-4.9,-6.4,-18.7,39.1,-24.1,-18.0,-47.0,-28.3,,-27.7,-38.6,-0.8,-35.5,-1.4,-4.7,-16.5,88.98
2012-12-01,,0.0,-12.8,-15.9,161.81,-34.1,-37.5,-57.1,-27.3,0.5,-14.1,-20.7,-7.3,-18.1,-7.3,-76.2,-43.5,116.4,-32.1,-19.06,-30.1,39.9,-6.1,-8.4,-17.8,41.1,-23.8,-18.1,-45.5,-25.4,,-33.3,-37.8,-1.9,-37.1,-4.3,-1.5,-20.7,78.44
2013-01-01,,1.0,-11.5,-13.6,160.55,-30.9,-36.8,-51.1,-29.3,-0.4,-12.0,-19.0,-5.7,-19.1,-5.6,-72.4,-38.0,116.22,-24.6,-18.12,-29.2,43.2,-4.5,-6.7,-17.9,41.6,-18.0,-18.5,-45.5,-23.8,,-32.1,-34.2,1.5,-32.7,0.2,3.0,-21.3,79.4
2013-02-01,,8.0,-9.3,-11.5,165.85,-33.4,-37.5,-43.4,-21.4,2.1,-12.9,-18.5,-2.9,-18.7,-4.9,-70.5,-34.9,116.77,-26.9,-18.42,-27.6,44.2,-7.4,-6.8,-12.9,39.7,-26.6,-16.6,-40.9,-23.9,,-28.0,-34.7,0.9,-33.7,-0.7,1.3,-21.1,83.49
2013-03-01,,11.0,-10.1,-14.1,159.96,-35.7,-36.0,-37.8,-20.8,1.4,-11.0,-18.7,-3.5,-19.9,-4.8,-71.0,-33.4,116.81,-25.6,-17.5,-29.1,44.8,-6.4,-4.8,-14.9,39.9,-23.1,-17.5,-43.5,-24.2,,-27.0,-31.7,3.8,-31.3,1.1,2.1,-19.5,84.57
2013-04-01,,5.0,-11.4,-12.3,155.62,-33.5,-34.1,-60.4,-22.0,1.4,-10.3,-18.1,-5.4,-19.4,-4.7,-72.5,-33.0,113.37,-28.3,-16.13,-25.6,44.8,-6.3,-5.7,-13.3,39.8,-17.5,-14.9,-41.5,-27.5,,-28.7,-32.6,1.3,-31.0,1.4,5.4,-19.7,82.2
2013-05-01,,-2.0,-10.7,-11.1,145.97,-30.8,-32.7,-55.0,-18.6,0.4,-10.2,-18.8,-5.9,-22.2,-4.7,-65.9,-27.2,112.76,-26.3,-23.08,-27.2,45.2,-4.3,-3.1,-14.5,39.4,-15.9,-17.1,-43.1,-27.2,-11.5,-27.3,-40.2,3.8,-31.8,0.0,1.7,-17.7,90.92
2013-06-01,,2.0,-11.9,-10.8,145.04,-31.2,-30.8,-55.6,-19.3,4.6,-10.8,-17.8,-4.7,-22.1,-4.4,-70.5,-27.9,117.05,-20.5,-26.44,-23.2,43.7,-3.0,-3.9,-10.6,38.8,-19.1,-13.3,-40.6,-26.7,-17.8,-25.3,-37.2,4.6,-29.4,-0.5,3.4,-18.1,90.49
2013-07-01,,2.0,-12.3,-12.1,136.73,-31.7,-26.2,-52.7,-18.1,3.6,-12.4,-16.8,-6.2,-19.3,-3.9,-70.2,-27.4,108.6,-21.1,-20.87,-24.5,43.5,-7.0,-3.9,-13.5,40.7,-20.3,-11.2,-40.7,-27.2,-15.0,-20.4,-39.1,4.3,-25.1,2.3,4.0,-11.8,91.56
2013-08-01,,6.0,-10.2,-8.1,133.04,-30.6,-26.4,-49.3,-14.9,5.1,-12.4,-15.4,-6.2,-16.4,-4.3,-71.9,-24.5,107.82,-19.3,-20.22,-24.4,42.7,-9.7,-1.9,-11.7,40.5,-16.9,-11.3,-34.9,-25.7,-17.6,-21.8,-36.3,4.5,-24.4,1.9,3.9,-10.4,88.33
2013-09-01,,11.0,-7.6,-3.4,136.74,-28.0,-28.5,-51.9,-13.6,5.8,-11.7,-13.6,-5.7,-15.1,-3.2,-71.6,-22.0,107.15,-13.5,-22.12,-21.2,45.5,-8.0,-1.9,-7.1,39.2,-16.6,-9.3,-33.3,-24.6,-14.5,-21.5,-35.7,1.2,-20.3,0.5,-3.5,-8.9,83.39
2013-10-01,,8.0,-7.3,-2.3,139.24,-29.1,-32.0,-49.1,-13.3,6.8,-7.4,-14.0,-5.8,-14.7,-2.9,-66.5,-21.8,109.52,-12.6,-13.56,-25.9,41.7,-6.8,-3.0,-8.2,38.1,-13.3,-12.3,-34.8,-26.5,-15.7,-22.1,-37.0,6.1,-23.1,1.1,-2.8,-10.2,78.76
2013-11-01,,10.0,-6.1,-1.2,138.01,-29.6,-31.1,-49.2,-11.8,5.3,-8.8,-13.4,-5.0,-18.1,-1.9,-67.6,-16.4,114.32,-17.5,-17.14,-23.2,42.9,-7.2,-3.6,-8.4,36.9,-7.3,-11.6,-34.3,-26.4,-14.3,-18.8,-36.1,7.6,-21.7,3.7,0.5,-10.8,80.8
2013-12-01,,5.0,-10.7,-1.4,136.57,-31.2,-31.8,-46.8,-14.7,5.7,-7.7,-12.9,-5.0,-16.7,-1.2,-65.9,-16.6,116.45,-11.0,-17.05,-23.7,41.6,-6.1,-1.7,-8.2,37.4,-7.3,-9.6,-30.9,-24.0,-15.1,-19.1,-33.8,6.9,-21.4,3.0,-2.9,-11.0,88.77
2014-01-01,,3.0,-10.4,-1.4,131.74,-29.7,-29.0,-47.9,-12.4,6.3,-7.6,-12.1,-3.1,-16.0,0.1,-65.0,-12.6,116.67,-11.2,-18.04,-24.6,40.3,-4.1,-3.5,-11.8,35.6,-4.0,-11.2,-29.6,-22.8,-15.7,-14.2,-30.3,9.4,-19.0,3.1,-0.4,-7.5,87.37
2014-02-01,,0.0,-10.8,-1.0,136.39,-28.4,-28.1,-37.8,-11.9,4.4,-8.6,-12.0,-4.1,-16.0,0.3,-63.8,-15.7,116.16,-9.8,-18.22,-23.2,38.6,-5.8,-4.4,-13.8,35.7,-2.7,-11.0,-27.6,-23.9,-12.5,-20.4,-30.7,8.4,-19.8,1.8,-4.1,-7.0,87.8
2014-03-01,,-1.0,-10.5,-4.4,125.78,-26.1,-30.5,-37.1,-9.0,5.2,-6.8,-10.9,-4.7,-15.2,-0.4,-55.6,-9.8,118.18,-10.6,-15.42,-20.1,37.2,-4.9,-5.9,-11.5,37.1,-0.7,-8.9,-26.1,-24.7,-11.0,-15.5,-28.7,8.9,-17.0,1.6,-1.0,-5.6,86.08
2014-04-01,,0.0,-11.3,-5.3,120.25,-23.3,-32.2,-39.1,-6.7,4.2,-6.9,-11.0,-7.1,-16.2,-0.2,-54.2,-9.7,113.88,-7.7,-12.01,-17.0,37.3,-3.1,-6.2,-9.8,37.6,-2.4,-10.1,-26.7,-24.1,-8.2,-15.2,-30.0,8.9,-17.2,1.5,2.6,-5.1,90.49
2014-05-01,,-7.0,-12.1,-5.1,109.48,-24.4,-33.4,-33.6,-7.9,6.0,-6.1,-10.5,-5.6,-16.8,0.4,-52.1,-10.9,116.88,-14.6,-10.1,-14.5,39.0,-2.6,-5.6,-11.3,37.8,-2.0,-6.5,-24.6,-23.8,-13.5,-12.3,-28.0,4.8,-16.3,2.2,0.3,-3.6,88.12
2014-06-01,,-7.0,-9.6,-4.2,107.37,-30.5,-29.9,-33.7,-5.6,7.9,-8.0,-10.5,-4.3,-18.1,0.4,-49.1,-11.3,116.26,-13.2,-14.18,-16.4,40.4,-4.3,-4.7,-9.9,37.9,-1.9,-6.2,-25.2,-21.1,-13.8,-13.6,-24.8,7.4,-13.5,2.4,-0.5,-3.5,88.77
2014-07-01,,-5.0,-10.5,-3.8,109.55,-28.5,-30.0,-27.3,-7.5,9.6,-7.0,-10.4,-3.6,-16.5,0.6,-45.9,-10.2,119.82,-5.3,-17.13,-19.5,41.5,-2.1,-5.4,-10.0,37.6,-2.3,-9.3,-22.1,-18.7,-16.7,-13.7,-23.2,5.0,-14.7,2.3,0.8,-4.9,87.47
2014-08-01,,-2.0,-10.2,-6.6,110.54,-29.0,-28.1,-31.4,-7.5,9.8,-5.7,-11.4,-8.8,-16.5,-2.1,-49.0,-11.6,120.2,-6.1,-17.84,-21.8,40.8,-5.4,-9.8,-13.0,37.5,-5.2,-7.3,-23.6,-18.0,-21.7,-12.2,-24.1,6.9,-13.0,0.8,5.5,-1.6,88.77
2014-09-01,,-6.0,-11.6,-6.7,118.92,-32.1,-28.3,-32.9,-7.9,6.9,-7.0,-11.9,-10.4,-17.6,-3.1,-56.0,-7.8,119.78,-2.1,-16.66,-20.1,40.1,-5.5,-10.4,-11.7,38.2,-6.2,-8.7,-20.0,-19.7,-23.1,-15.7,-20.4,7.7,-13.3,1.3,4.4,-4.8,91.02
2014-10-01,,-5.0,-10.7,-8.9,115.82,-32.9,-27.6,-33.8,-4.7,8.6,-6.8,-11.1,-8.4,-16.9,-2.1,-48.9,-8.1,120.64,-5.3,-13.02,-21.0,39.3,-4.9,-7.8,-9.8,37.7,-3.9,-6.5,-18.6,-18.6,-20.3,-14.7,-18.8,5.1,-13.8,-1.0,0.7,-4.0,93.5
2014-11-01,,-3.0,-7.1,-12.2,115.99,-29.1,-28.5,-30.8,-2.7,7.0,-5.5,-11.3,-7.9,-16.2,-2.8,-45.0,-9.8,120.06,-5.4,-17.19,-20.9,38.2,-1.2,-6.9,-13.0,38.5,-5.4,-5.6,-21.5,-15.7,-19.1,-14.1,-22.0,3.0,-15.7,-2.4,-3.7,-4.3,95.54
2014-12-01,,-9.0,-9.5,-11.8,112.95,-32.5,-28.3,-25.4,-1.8,8.5,-3.6,-10.7,-7.3,-14.3,-1.6,-51.4,-14.0,116.5,-2.1,-16.73,-22.9,39.0,-3.6,-7.5,-13.1,38.7,-6.4,-5.8,-20.0,-10.5,-22.4,-12.7,-20.7,1.4,-12.4,-0.7,-3.7,-5.4,100.71
2015-01-01,,-7.0,-10.4,-8.4,112.69,-31.4,-22.4,-29.1,-1.3,8.3,-4.7,-9.3,-5.8,-13.5,-0.4,-51.1,-14.8,120.2,0.3,-13.55,-21.6,39.0,-3.2,-4.7,-13.1,38.1,-3.7,-8.7,-15.2,-9.5,-14.3,-12.3,-18.7,2.8,-7.6,-0.3,-3.4,-2.7,105.55
2015-02-01,,1.0,-11.0,-5.8,112.89,-29.2,-21.7,-29.1,-5.1,8.3,-6.7,-7.3,-3.4,-11.1,0.1,-35.6,-12.5,120.23,1.3,-11.22,-14.5,40.8,-2.4,-4.2,-9.7,37.5,-5.1,-6.4,-15.1,-7.3,-16.7,-10.6,-19.2,3.4,-7.7,-1.4,-5.1,-1.3,102.65
2015-03-01,,-1.0,-8.7,-6.7,106.86,-27.9,-19.4,-27.2,-2.8,11.6,-5.1,-6.1,-3.8,-10.7,1.2,-30.2,-15.2,116.86,3.4,-7.53,-13.1,41.3,-2.1,-1.2,-10.4,38.5,-0.8,-6.5,-14.1,-9.3,-20.8,-9.7,-18.3,1.7,-5.2,-0.1,-7.0,0.6,100.06
2015-04-01,,-4.0,-7.3,-6.4,101.56,-25.7,-18.6,-24.2,-2.5,10.4,-4.9,-6.4,-2.2,-10.1,1.3,-43.4,-13.1,107.44,2.4,-7.93,-14.3,41.9,-2.6,-1.4,-7.4,37.8,-1.9,-3.3,-14.7,-10.6,-12.7,-10.4,-15.0,4.4,-4.1,-1.0,-8.2,0.4,103.18
2015-05-01,,2.0,-8.4,-4.7,91.77,-22.1,-19.1,-18.0,-1.2,9.6,-10.6,-7.2,-1.2,-12.0,1.0,-43.9,-12.1,112.79,2.0,-10.58,-15.3,41.4,-0.6,-1.8,-6.1,38.0,-0.6,-3.6,-15.0,-9.8,-15.4,-11.7,-15.0,5.7,-5.5,0.1,-13.2,-3.9,97.59
2015-06-01,,-5.0,-9.2,-5.7,90.58,-25.7,-15.8,-20.6,-1.3,7.7,-6.6,-7.8,-3.9,-11.9,0.3,-48.0,-16.5,111.34,5.4,-10.26,-14.7,41.6,-2.4,-3.8,-9.6,39.1,0.2,-5.5,-14.6,-8.7,-15.3,-11.6,-13.8,-1.3,-6.4,-0.5,-10.4,0.7,103.4
2015-07-01,,-8.0,-10.0,-6.5,84.55,-27.4,-15.0,-21.0,-3.1,7.8,-7.8,-8.6,-4.0,-12.9,-0.4,-52.8,-13.2,109.89,5.0,-7.99,-17.8,41.0,-1.6,-3.5,-8.0,38.1,-0.2,-6.2,-15.3,-11.5,-16.6,-12.6,-18.0,0.6,-6.2,-0.5,-11.8,0.9,100.17
2015-08-01,,-1.0,-8.4,-8.2,84.66,-23.7,-14.1,-17.2,-2.6,7.0,-4.6,-7.6,-5.5,-11.1,-0.7,-65.0,-10.1,112.64,5.2,-7.64,-15.0,41.7,-1.9,-2.8,-8.2,37.4,0.8,-5.5,-13.0,-9.8,-16.1,-11.4,-15.2,1.9,-5.7,0.2,-14.8,1.7,98.88
2015-09-01,,-6.0,-8.8,-9.0,85.53,-25.4,-15.8,-14.9,-2.9,4.3,-6.6,-7.6,-8.1,-10.2,-2.4,-66.4,-13.7,97.48,6.3,-11.65,-11.3,40.8,-5.0,-5.9,-6.4,37.4,0.2,-7.8,-12.8,-8.9,-14.4,-12.1,-14.4,3.0,-4.6,-1.9,-17.8,-0.4,93.82
2015-10-01,,-2.0,-11.7,-8.1,88.77,-23.1,-17.3,-14.2,-0.5,4.4,-4.8,-7.0,-9.1,-9.8,-4.1,-60.6,-6.8,99.34,9.1,-15.28,-9.6,41.6,-1.5,-4.0,-8.4,37.8,-1.1,-5.0,-13.7,-7.5,-11.8,-9.5,-15.7,5.5,-3.5,-3.2,-14.0,-0.7,96.83
2015-11-01,,2.0,-9.3,-8.3,85.55,-23.6,-13.0,-13.6,0.1,6.0,-7.4,-6.4,-5.8,-9.2,-4.1,-64.4,-5.2,103.67,9.9,-10.07,-7.8,42.4,-0.8,-3.8,-7.7,38.2,0.6,-3.3,-17.5,-12.6,-14.2,-10.8,-18.3,6.1,-2.8,-4.4,-4.8,-1.3,98.23
2015-12-01,,1.0,-10.2,-6.2,87.17,-25.0,-13.8,-16.6,-0.5,6.4,-8.3,-5.8,-7.9,-9.6,-2.0,-58.3,-8.4,107.52,9.5,-9.97,-10.3,42.4,-2.0,-2.8,-6.3,38.4,-1.0,-2.1,-13.8,-10.6,-14.0,-10.6,-14.7,2.9,0.3,-2.2,-6.7,0.9,99.63
2016-01-01,,-3.0,-8.3,-7.1,89.04,-25.3,-12.2,-13.6,1.6,2.8,-6.4,-6.0,-3.3,-8.3,-2.3,-61.9,-8.6,112.63,9.7,-6.23,-10.4,42.0,-1.1,-1.9,-5.8,38.2,-0.4,-2.9,-10.3,-8.7,-15.3,-7.3,-19.2,0.3,-4.0,-1.8,-8.1,1.2,98.99
2016-02-01,,1.0,-7.6,-7.9,95.23,-24.0,-13.8,-18.7,-0.3,3.9,-12.8,-7.0,-5.1,-10.5,-2.6,-61.3,-10.4,109.98,9.3,-7.42,-9.9,40.0,-0.2,-4.6,-5.8,36.7,-4.5,-4.1,-14.7,-9.7,-12.8,-8.4,-19.0,-1.8,-4.3,-2.2,-10.3,-0.8,98.66
2016-03-01,,-1.0,-6.6,-9.6,89.31,-23.5,-13.3,-12.6,-0.5,2.9,-11.0,-8.0,-5.4,-12.0,-2.9,-62.2,-14.6,109.84,5.2,-5.57,-11.4,41.3,-2.0,-3.9,-2.6,36.8,-5.3,-2.3,-12.9,-10.3,-11.9,-10.9,-18.9,0.3,-6.9,-0.6,-10.1,-0.9,97.91
2016-04-01,,-5.0,-7.5,-9.7,87.68,-23.0,-14.3,-10.9,-0.7,4.8,-8.3,-7.6,-3.7,-11.9,-1.6,-64.9,-12.1,108.98,4.3,-6.14,-10.9,41.1,-4.4,-5.8,-9.4,36.7,-3.2,0.1,-12.2,-8.4,-10.2,-9.7,-18.2,1.9,-6.9,-1.4,-8.8,-2.9,95.76
2016-05-01,-12.6,3.0,-6.2,-10.1,90.85,-24.0,-16.0,-12.1,0.4,2.9,-5.1,-8.0,-3.1,-9.6,-1.6,-61.5,-9.6,112.07,5.8,-4.07,-14.0,41.0,-4.1,-7.2,-2.7,37.5,-3.6,-1.3,-13.0,-8.9,-8.8,-9.2,-19.3,-0.5,-8.3,-1.6,-8.3,-2.8,101.89
2016-06-01,-10.6,2.0,-5.4,-8.9,98.05,-23.9,-14.2,-9.0,-0.6,4.0,-6.9,-7.7,-0.2,-12.2,-0.5,-56.9,-9.2,113.71,8.1,-5.6,-13.3,41.9,-1.7,-4.8,-3.1,38.3,-0.6,-1.1,-13.4,-8.7,-12.8,-8.6,-18.7,-0.9,-6.8,-1.2,-8.0,-1.9,100.6
2016-07-01,-11.7,-1.0,-6.1,-8.3,97.67,-21.6,-16.7,-9.2,-3.0,2.7,-5.3,-8.0,-2.1,-11.8,-1.3,-59.0,-6.4,114.17,3.0,-5.54,-12.1,41.6,-0.5,-5.9,-2.6,36.5,-3.4,0.3,-13.2,-10.4,-13.6,-9.0,-15.8,1.3,-9.3,-1.9,-10.3,-11.1,96.83
2016-08-01,-13.1,1.0,-5.9,-6.6,100.05,-22.2,-17.1,-8.6,-2.2,3.6,-6.2,-7.8,-0.6,-11.1,-1.3,-64.1,-8.9,113.35,5.0,-4.16,-15.4,42.2,-5.7,-5.9,-2.9,35.7,-3.6,-1.0,-12.6,-9.0,-13.4,-9.8,-14.7,2.2,-7.0,-2.0,-4.8,-7.0,96.62
2016-09-01,-12.2,1.0,-6.5,-7.4,106.95,-21.4,-13.9,-7.9,2.6,2.4,-3.5,-7.6,-1.1,-9.6,-1.8,-62.5,-7.2,109.99,6.8,-5.87,-16.9,43.0,-3.7,-4.4,-3.6,34.8,-0.6,0.1,-11.8,-11.1,-10.6,-8.4,-16.2,2.1,-7.1,0.5,-5.2,-2.0,98.13
2016-10-01,-12.8,2.0,-6.0,-9.4,105.98,-22.5,-12.0,-3.8,1.8,2.5,-4.5,-6.5,0.3,-9.2,-1.8,-57.7,-8.4,116.82,6.6,-5.21,-15.9,42.4,-7.7,-2.9,-2.9,35.0,2.8,0.1,-11.6,-10.1,-13.6,-7.4,-13.8,2.4,-5.2,1.0,-5.0,-3.2,93.82
2016-11-01,-10.5,1.0,-6.3,-6.3,110.3,-19.5,-13.5,-2.4,2.1,2.2,-4.5,-5.9,-0.2,-7.9,-1.0,-63.4,-5.4,115.88,3.7,-4.29,-15.1,40.8,-7.2,-0.5,-0.6,34.9,2.6,-1.9,-11.5,-6.2,-7.3,-9.0,-14.2,-4.1,-4.0,1.7,-8.6,-5.9,100.92
2016-12-01,-8.5,-3.0,-4.7,-8.0,110.73,-19.4,-11.4,-5.4,1.2,0.2,-0.8,-5.7,0.7,-6.9,-0.2,-60.0,-6.1,115.42,2.9,-4.52,-15.7,42.7,-12.9,0.1,-5.1,35.5,1.7,-1.9,-7.8,-7.8,-8.3,-6.8,-13.7,-5.8,-3.9,0.2,-13.0,-5.5,105.66
2017-01-01,-8.2,-3.0,-3.9,-5.6,102.25,-18.0,-12.5,-5.4,2.6,4.2,-0.5,-5.2,2.2,-7.3,0.0,-63.2,-3.4,115.33,5.1,-5.89,-14.7,42.7,-11.1,-3.4,-0.4,28.7,3.0,1.1,-8.3,-4.3,-5.8,-8.1,-9.7,-6.6,-4.4,0.8,-11.6,-4.8,105.98
2017-02-01,-6.1,0.0,-3.5,-6.1,113.8,-18.0,-10.1,-5.0,2.4,5.5,-2.0,-6.5,1.4,-8.0,-2.0,-66.3,-6.6,117.14,2.4,-6.99,-16.1,42.9,-11.3,-6.3,-2.4,31.5,3.1,-1.5,-9.1,-3.3,-11.8,-8.4,-12.1,-5.5,-6.2,0.8,-12.4,-6.0,103.61
2017-03-01,-6.2,0.0,-3.7,-5.5,109.38,-20.2,-12.0,-2.6,0.6,6.1,-2.2,-5.7,2.9,-8.3,-0.8,-68.2,-4.1,121.54,5.6,-4.07,-14.4,43.8,-7.5,-6.0,1.4,33.8,4.2,-1.6,-6.6,-0.1,-6.1,-9.1,-11.2,-3.0,-4.4,1.2,-10.1,-5.1,104.26
2017-04-01,-6.2,-1.0,-1.7,-5.0,109.01,-22.0,-14.6,-4.8,2.9,6.6,-1.5,-5.4,3.6,-7.4,0.5,-63.2,-9.0,123.71,6.9,-5.96,-15.8,43.6,-8.1,-7.2,-2.0,34.9,5.1,-0.8,-6.6,-4.8,-5.8,-8.4,-10.7,1.5,-3.1,1.2,-8.0,-5.7,104.37
2017-05-01,-9.6,-2.0,-1.7,-5.0,103.49,-23.5,-14.6,-0.5,-0.2,4.6,-3.1,-5.5,3.5,-6.8,1.3,-61.9,-7.9,125.93,5.7,-2.89,-16.5,43.7,-7.3,-7.4,0.2,35.9,1.2,0.5,-5.2,-5.2,-4.4,-7.1,-9.5,8.5,-2.8,2.5,-5.8,-6.2,104.47
2017-06-01,-5.7,-4.0,-1.6,-5.8,100.06,-21.9,-13.5,-3.2,0.7,5.3,-2.3,-4.7,3.2,-2.0,2.4,-62.8,-7.4,122.35,7.2,-4.98,-18.4,43.3,-3.1,-7.0,2.1,36.0,2.8,-0.2,-3.0,-4.6,-4.3,-8.5,-9.0,11.7,-2.7,0.5,-7.3,-8.2,102.32
2017-07-01,-3.0,-3.0,-1.2,-2.6,104.78,-18.0,-11.1,-0.8,-1.6,8.3,-0.9,-4.3,3.6,-4.3,2.3,-56.8,-7.7,123.39,8.9,-3.65,-17.6,44.1,-1.3,-6.7,-0.9,36.5,4.7,-1.0,-2.4,-6.4,-6.9,-7.5,-8.9,11.8,-1.7,0.3,-6.8,-8.3,100.49
2017-08-01,-4.5,-5.0,-2.5,-3.9,101.48,-18.4,-11.1,-2.2,-0.5,5.7,-2.1,-4.0,2.5,-5.8,1.1,-53.4,-5.6,121.88,11.5,-2.93,-14.0,43.6,-7.9,-5.1,-0.7,36.5,4.6,-0.4,-4.7,-3.7,-7.0,-9.4,-8.2,10.4,-1.3,0.2,-6.5,-7.1,104.15
2017-09-01,-4.5,-2.0,0.2,-1.9,99.67,-19.1,-10.6,-3.6,2.5,6.8,-4.1,-3.6,2.9,-7.2,0.9,-52.1,-5.9,123.76,9.8,-4.79,-10.7,44.1,-4.5,-4.3,0.9,36.8,2.8,3.5,-3.3,-5.4,-7.5,-7.8,-7.0,8.2,-1.2,0.0,-8.0,-7.3,102.32
2017-10-01,-5.1,1.0,0.9,-0.7,102.81,-19.1,-10.9,-1.7,4.6,8.2,-2.1,-2.7,4.0,-7.2,1.8,-49.0,-3.9,120.7,10.5,-4.07,-9.9,44.6,-5.4,-3.3,-0.2,36.4,5.8,2.7,-2.7,-13.0,-8.4,-8.0,-5.8,9.7,-1.9,1.1,-10.4,-6.9,108.35
2017-11-01,-6.9,0.0,1.9,-1.7,103.96,-17.8,-10.1,-0.5,6.2,8.7,-1.3,-2.6,2.3,-4.2,1.6,-50.6,-2.9,122.15,8.8,-5.1,-10.1,44.5,-4.2,-3.3,1.4,36.7,3.4,1.4,-4.0,-13.0,-3.3,-7.9,-7.0,12.9,-2.8,2.1,-12.6,-7.9,105.98
2017-12-01,-7.0,3.0,3.9,-3.0,109.46,-20.2,-9.5,-2.1,4.3,7.0,-5.1,-2.1,6.9,-3.1,1.6,-48.7,1.1,126.36,8.8,-3.58,-9.1,44.4,-7.2,-1.7,-1.1,36.3,3.8,2.1,-4.3,-14.6,-6.6,-8.2,-5.9,11.4,-2.4,0.6,-12.2,-8.4,103.18
2018-01-01,-6.5,5.0,3.0,-2.0,116.96,-18.9,-8.8,-3.4,5.8,7.5,-4.3,-2.1,4.5,-4.1,2.8,-50.5,1.7,126.1,9.0,-3.56,-10.6,44.4,-1.8,-1.6,3.3,34.8,4.5,3.9,-4.4,-15.6,-0.4,-6.2,-5.2,10.7,-2.0,2.5,-7.6,-6.8,102.97
2018-02-01,-9.9,3.0,2.9,-3.5,120.57,-18.0,-6.4,3.5,5.0,8.4,-3.4,-3.0,5.1,-6.9,2.6,-49.7,0.1,122.5,11.1,-5.04,-9.9,44.1,-4.1,-2.2,0.8,34.2,1.9,3.2,-3.8,-16.6,-1.0,-6.8,-6.9,9.0,-3.3,0.3,-7.0,-6.5,107.27
2018-03-01,-8.5,3.0,1.1,-2.8,115.64,-17.1,-8.6,-0.9,7.4,7.2,-0.3,-3.7,3.8,-6.8,1.8,-51.0,1.8,121.6,10.3,-6.47,-10.1,44.1,-4.4,-1.3,-2.1,34.3,3.9,1.3,-3.3,-15.5,1.4,-9.7,-6.0,8.9,-6.7,0.3,-7.7,-4.5,109.1
2018-04-01,-8.0,2.0,2.2,-4.3,109.94,-18.7,-9.0,1.6,5.5,4.5,-1.0,-3.7,3.0,-8.0,1.5,-49.2,1.5,122.23,10.1,-5.24,-8.0,43.9,-4.6,-0.7,-3.1,35.6,3.9,5.2,-3.4,-14.1,2.3,-11.3,-4.4,7.9,-4.7,-0.2,-8.3,-7.2,106.3
2018-05-01,-9.0,2.0,0.4,-4.3,113.5,-17.5,-5.7,1.8,6.0,6.4,-2.1,-4.8,3.8,-8.8,1.2,-47.6,-1.4,125.14,9.2,-4.5,-12.5,44.1,-5.4,0.5,-1.7,36.6,1.3,4.5,-3.2,-15.3,0.4,-7.4,-6.1,8.8,-4.4,0.5,-9.1,-5.1,105.44
2018-06-01,-9.8,2.0,-0.7,-8.5,104.0,-18.0,-9.4,-0.4,5.2,7.8,-1.8,-4.8,2.0,-10.6,1.1,-48.2,-1.6,128.1,8.5,-3.8,-9.6,43.6,-6.2,-0.9,-2.6,37.1,2.6,5.9,-5.1,-17.2,-0.5,-9.3,-4.2,6.3,-1.6,-2.0,-8.9,-7.1,105.66
2018-07-01,-9.6,6.0,-0.7,-6.4,103.48,-20.0,-7.5,-9.4,2.5,8.3,0.6,-4.6,2.5,-9.9,-0.4,-45.2,-2.3,124.85,9.7,-4.66,-9.1,43.7,-5.0,1.3,1.1,43.3,3.9,5.4,-5.6,-13.4,0.0,-8.5,-7.0,1.8,-2.7,-2.1,-7.1,-6.3,105.33
2018-08-01,-9.5,4.0,-0.5,-8.0,104.38,-18.5,-6.3,-3.2,0.7,4.8,0.7,-4.8,2.1,-10.4,0.4,-47.6,-5.9,121.57,7.9,-7.36,-9.9,43.8,-5.4,1.2,-1.7,43.0,1.2,2.0,-6.0,-13.9,2.9,-7.0,-7.1,-0.1,-3.8,0.4,-11.3,-5.5,103.51
2018-09-01,-9.8,1.0,0.5,-6.1,106.79,-19.7,-6.8,-2.9,4.5,6.6,0.2,-5.2,0.9,-13.8,0.4,-45.9,-5.0,122.39,10.5,-3.78,-8.4,43.4,-4.7,2.2,-1.3,42.1,1.2,3.7,-4.2,-10.8,4.4,-8.6,-10.3,0.7,-6.6,1.3,-18.9,-6.9,107.7
2018-10-01,-10.3,1.0,-1.0,-4.8,107.91,-23.7,-6.3,-1.4,4.0,4.7,-0.5,-4.5,-0.1,-11.2,-0.1,-31.4,-4.0,119.2,6.6,-5.99,-7.9,43.0,-5.6,1.3,-1.9,42.5,-0.6,2.8,-4.7,-11.6,1.5,-7.8,-8.4,-0.1,-6.2,-1.8,-21.6,-7.1,106.09
2018-11-01,-9.1,4.0,0.6,-6.9,114.5,-27.2,-5.2,-5.0,1.9,5.3,-2.5,-5.1,-1.4,-13.6,-0.1,-33.2,-4.5,122.73,5.2,-3.36,-9.0,42.6,-5.7,3.3,1.0,41.7,-1.8,3.1,-6.5,-13.8,0.9,-8.2,-8.3,-3.5,-4.8,-1.2,-19.1,-9.6,104.9
2018-12-01,-9.7,4.0,-0.5,-11.2,127.8,-25.8,-5.6,-6.6,4.9,3.6,-0.4,-6.5,-2.0,-17.0,-0.7,-30.2,-4.3,127.02,3.4,-7.78,-9.8,42.5,-5.7,1.1,-1.5,44.9,-4.7,1.3,-7.2,-13.5,3.4,-7.5,-8.5,-2.4,-6.1,-2.5,-20.3,-10.6,105.77
2019-01-01,-9.0,0.0,-1.8,-10.8,128.64,-27.1,-6.2,-4.6,4.8,3.2,0.2,-5.9,-1.7,-12.0,-0.1,-30.2,-4.1,125.46,0.0,-5.87,-10.0,41.6,-4.5,4.0,0.9,45.9,-8.3,2.2,-7.8,-14.4,6.0,-9.7,-8.0,-1.7,-5.5,-3.0,-19.9,-11.6,98.13
2019-02-01,-7.8,4.0,-1.4,-10.8,139.39,-26.7,-5.4,-8.0,3.7,3.1,-1.2,-5.8,-2.6,-10.4,-0.4,-35.0,-4.1,125.12,-2.3,-4.61,-11.0,41.3,-7.5,4.8,-0.7,47.8,-7.6,5.6,-9.9,-13.8,5.5,-7.1,-8.3,0.3,-5.5,-3.4,-21.2,-11.1,100.92
2019-03-01,-7.3,-1.0,-1.2,-8.7,125.53,-24.4,-5.3,-7.8,1.8,4.5,0.4,-5.4,-2.0,-9.8,0.0,-33.3,-5.0,124.54,-2.3,-4.91,-12.0,40.2,-3.2,4.8,2.1,46.3,-8.5,5.9,-10.7,-12.5,4.4,-9.1,-8.4,0.5,-1.9,-2.0,-18.9,-10.7,105.87
2019-04-01,-7.6,1.0,-2.9,-8.4,121.71,-25.4,-4.3,-7.0,0.6,3.3,-1.6,-6.2,-1.6,-10.3,-0.2,-33.5,-5.4,128.11,-2.5,-3.88,-12.0,40.5,-2.5,4.4,-0.2,45.5,-7.1,2.8,-7.0,-11.8,6.1,-8.2,-9.6,2.4,-5.7,-0.9,-16.4,-11.0,104.58
2019-05-01,-9.7,1.0,0.8,-7.7,117.01,-24.4,-4.1,-7.0,-0.3,6.4,1.0,-5.9,-1.8,-8.3,-0.8,-30.7,-5.2,128.17,3.3,-3.24,-12.3,39.7,-3.7,5.4,1.2,44.3,-8.4,3.1,-9.0,-9.2,6.4,-7.9,-8.7,-1.3,-4.2,-3.6,-23.0,-7.6,107.59
2019-06-01,-9.1,1.0,-3.8,-10.2,107.38,-24.5,-3.7,-7.1,0.4,5.4,-2.2,-6.3,-4.5,-8.3,-2.4,-28.6,-4.6,126.38,4.9,-10.57,-14.1,38.4,-3.8,6.9,-0.9,43.7,-5.8,7.3,-8.5,-6.8,4.6,-6.6,-8.3,-1.6,-1.7,-3.6,-19.9,-10.3,105.66
2019-07-01,-7.7,-3.0,-4.2,-9.9,110.92,-23.1,-6.3,-6.8,0.5,1.4,-0.2,-5.7,-4.4,-6.7,-2.7,-18.1,-6.0,124.77,-1.9,-6.97,-11.4,38.0,-1.7,5.3,-0.7,43.3,-5.4,6.7,-6.4,-5.7,6.3,-6.5,-8.5,-3.1,-5.9,-1.6,-21.1,-8.1,105.87
2019-08-01,-10.0,0.0,-2.0,-11.3,114.58,-26.1,-5.2,-7.0,-0.4,5.5,4.0,-6.3,-4.8,-7.5,-4.0,-7.2,-2.4,123.14,-6.3,-6.95,-13.7,37.7,-4.0,6.1,-0.6,43.8,-7.1,4.7,-8.2,-9.9,8.6,-9.3,-9.9,-6.5,-6.4,-3.1,-20.4,-11.6,96.62
2019-09-01,-10.0,-2.0,-3.5,-13.2,112.19,-22.9,-3.1,-3.6,0.3,3.8,-1.7,-5.8,-4.7,-6.1,-2.6,-6.5,0.6,121.84,-6.7,-4.64,-13.3,35.7,-2.5,4.5,-3.3,45.3,-7.6,5.9,-7.5,-9.7,8.4,-9.0,-11.1,-2.1,-7.4,-4.3,-22.4,-9.1,100.28
2019-10-01,-7.7,-7.0,-3.1,-11.1,111.82,-21.1,-3.2,-7.6,0.0,3.0,-1.4,-6.1,-6.6,-6.5,-4.7,-3.1,-4.3,118.4,-8.1,-6.84,-12.5,36.2,-3.5,2.8,-4.5,44.1,-5.0,1.8,-6.5,-9.1,7.6,-8.7,-11.4,-0.5,-10.1,-3.1,-21.8,-10.2,102.75
2019-11-01,-8.2,-3.0,-3.8,-11.1,118.64,-22.0,-2.4,-5.3,0.8,4.0,-0.3,-5.7,-5.0,-5.8,-2.0,-5.6,-4.3,124.21,-2.3,-8.11,-14.5,38.6,-4.9,4.6,-1.9,43.8,-6.0,2.3,-6.7,-8.6,8.4,-9.1,-13.0,1.7,-10.5,-3.7,-18.8,-9.4,104.15
2019-12-01,-12.5,-5.0,-2.6,-11.6,121.26,-21.6,-2.4,-6.9,3.0,4.5,0.4,-6.6,-4.1,-9.6,-3.7,-3.9,-1.5,126.37,-4.8,-7.27,-12.3,38.9,-2.7,2.2,-2.3,43.8,-7.1,1.5,-8.3,-6.3,7.0,-9.9,-14.1,1.3,-11.6,-2.7,-19.5,-7.4,106.84
2020-01-01,-12.6,-7.0,-2.1,-10.4,121.27,-21.6,-0.6,-5.6,1.4,3.9,-0.2,-6.3,-4.1,-8.7,-2.9,-11.9,-6.1,121.67,-2.1,-8.55,-11.1,39.0,-7.4,2.4,-3.8,44.1,-8.2,2.0,-8.3,-8.2,11.1,-10.8,-12.0,4.8,-11.7,-3.4,-18.9,-6.1,107.38
2020-02-01,-14.5,-4.0,-2.3,-8.1,131.79,-21.2,-0.7,-4.4,-1.1,4.9,-1.1,-5.6,-4.7,-7.4,-2.3,-7.8,-6.3,117.65,0.9,-5.8,-12.2,38.3,-4.3,3.4,-2.9,43.3,-5.6,-0.7,-7.6,-9.2,9.3,-8.3,-14.2,-2.2,-9.3,-2.2,-20.7,-6.1,108.67
2020-03-01,-13.8,-8.0,-8.1,-12.5,124.58,-23.9,-9.1,-26.3,-2.5,0.1,-2.4,-11.1,-6.9,-12.5,-8.2,-23.5,-6.9,113.78,-3.3,-22.06,-21.9,30.9,-8.8,-1.8,-9.0,42.1,-8.4,1.0,-13.7,-12.1,11.6,-8.4,-16.3,-20.1,-12.7,-4.5,-19.0,-7.4,95.87
2020-04-01,-28.8,-24.0,-20.8,-21.6,111.97,-36.7,-31.9,-36.7,-19.4,-7.4,-18.0,-24.4,-13.6,-21.8,-18.1,-42.3,-38.1,84.83,-28.6,-31.3,,21.8,-29.4,-16.9,-24.3,32.2,-25.1,-27.7,-41.2,-30.3,2.5,-35.0,-39.0,-27.5,-32.5,-7.1,-21.8,-25.9,77.25
2020-05-01,-24.8,-12.0,-14.3,-14.8,96.82,-29.6,-25.9,-29.6,-9.9,-2.0,-10.3,-20.1,-8.6,-17.8,-15.5,-40.1,-30.6,77.8,-23.1,-14.33,-22.4,24.3,-21.0,-10.3,-16.7,31.1,-21.0,-23.2,-32.1,-23.9,9.1,-29.6,-35.5,-20.9,-30.7,-7.5,-17.1,-25.0,77.79
2020-06-01,-22.4,-6.0,-8.1,-11.0,100.43,-29.9,-18.8,-23.4,-8.5,2.9,-22.3,-14.5,-3.8,-12.5,-10.1,-32.5,-27.8,83.78,-17.1,-22.71,-14.5,28.0,-15.2,-4.4,-9.5,32.0,-15.4,-15.2,-25.8,-21.6,14.9,-26.3,-30.2,-16.8,-24.4,-3.0,-17.0,-22.2,84.03
2020-07-01,-19.3,-12.0,-10.4,-12.8,102.84,-32.8,-18.6,-21.6,-8.0,2.5,-15.9,-13.9,-2.2,-11.8,-9.8,-36.1,-23.0,86.19,-14.3,-30.1,-16.1,29.5,-15.8,-3.4,-11.7,34.4,-13.6,-8.8,-27.1,-19.6,3.2,-24.4,-27.8,-14.5,-24.9,-1.7,-17.2,-16.9,78.01
2020-08-01,-22.5,-20.0,-10.1,-16.0,102.62,-30.7,-15.1,-31.8,-10.6,0.1,-13.3,-13.4,-5.2,-12.2,-7.8,-34.4,-19.7,86.9,-15.7,-23.92,-15.2,29.8,-11.9,-2.3,-16.1,35.1,-14.1,-11.1,-25.7,-18.7,3.0,-20.7,-23.0,-10.7,-27.5,-0.5,-20.2,-16.5,79.73
2020-09-01,-20.2,-6.0,-5.8,-10.4,108.36,-28.3,-17.3,-27.5,-8.0,1.0,-12.3,-12.2,-6.1,-10.9,-7.2,-40.5,-18.8,83.36,-14.9,-24.75,-12.6,32.6,-15.2,0.0,-10.7,36.3,-12.8,-14.5,-26.9,-16.4,6.2,-20.5,-24.9,-19.1,-25.6,1.7,-18.1,-25.0,86.51
2020-10-01,-19.6,5.0,-11.6,-10.0,107.61,-28.6,-16.7,-26.6,-16.6,1.7,-10.3,-13.5,-7.1,-13.3,-9.2,-38.9,-22.4,79.02,-14.9,-28.47,-15.7,33.2,-11.5,1.6,-9.6,37.9,-14.7,-14.6,-24.5,-15.9,6.2,-23.2,-27.1,-7.3,-25.4,1.7,-18.5,-31.0,88.01
2020-11-01,-21.1,8.0,-15.7,-9.6,111.65,-31.1,-15.1,-33.2,-18.5,-0.3,-22.0,-15.8,-4.8,-18.1,-10.9,-44.5,-21.0,92.03,-6.2,-19.7,-19.2,33.6,-17.4,-3.4,-13.5,37.1,-9.8,-18.7,-29.4,-18.1,3.4,-22.8,-30.6,-1.0,-26.3,-0.9,-20.0,-33.0,82.74
2020-12-01,-21.7,12.0,-9.9,-4.7,111.71,-32.2,-18.1,-31.7,-9.6,3.6,-17.1,-11.6,-4.2,-10.9,-9.7,-37.3,-22.1,96.5,-1.9,-15.82,-14.0,31.8,-21.8,-2.2,-10.4,38.7,-6.0,-15.5,-24.4,-17.4,0.6,-21.0,-27.9,-9.0,-19.5,1.7,-20.2,-26.0,86.83
2021-01-01,-18.8,7.0,-11.3,-5.0,116.09,-30.5,-16.5,-32.4,-12.2,3.3,-16.4,-13.0,-0.7,-13.5,-13.0,-38.9,-22.3,84.85,-9.9,-14.93,-13.6,30.0,-18.6,-1.3,-7.7,39.2,-6.0,-15.1,-23.1,-17.1,3.2,-25.8,-28.2,-4.7,-20.9,2.8,-17.1,,85.0
2021-02-01,-17.6,9.0,-9.3,-5.1,116.23,-29.0,-14.1,-27.7,-14.2,3.6,-15.4,-12.2,-1.0,-14.1,-10.6,-43.4,-22.8,85.82,-2.1,-12.09,-11.9,33.9,-17.0,-1.2,-8.9,38.6,-7.1,-10.7,-25.8,-16.8,6.3,-25.5,-22.1,-2.6,-22.8,5.3,-15.9,-23.0,82.63
2021-03-01,-19.8,12.0,-4.5,-3.2,112.9,-22.7,-12.4,-22.8,-15.8,4.0,-15.8,-9.5,-2.7,-9.7,-7.3,-39.9,-19.7,93.37,-0.1,-7.33,-12.4,36.0,-17.9,-0.6,-6.6,40.6,-3.0,-9.8,-20.1,-16.0,2.9,-26.1,-22.6,0.5,-13.8,4.2,-13.4,-16.0,91.35
2021-04-01,-17.6,19.0,-10.6,-3.8,104.95,-20.5,-14.0,-19.2,-9.6,6.8,-19.1,-9.4,3.9,-9.8,-9.5,-38.4,-22.2,101.48,2.8,-1.54,-10.4,35.2,-8.2,0.3,-3.0,42.5,-0.9,-11.0,-16.7,-9.0,3.1,-19.9,-24.3,2.3,-13.1,5.8,-19.7,-15.0,95.01
2021-05-01,-15.5,13.0,-1.2,0.0,105.9,-22.3,-8.2,-16.1,-5.3,6.9,-15.5,-5.2,3.0,-5.4,-4.4,-21.9,-18.9,104.43,6.2,-3.77,-5.5,34.3,-8.8,-1.4,-1.2,42.4,0.9,-3.8,-12.8,-7.3,6.3,-18.4,-19.8,5.3,-10.8,9.0,-22.7,-9.0,89.2
2021-06-01,-13.9,7.0,-1.0,2.6,107.32,-19.0,-9.9,-10.1,-3.1,7.1,-10.3,-2.4,4.5,-0.3,0.4,-24.7,-10.0,107.36,3.2,-3.77,-2.5,36.9,-2.8,2.0,2.8,44.3,6.5,-3.6,-12.7,-8.8,7.7,-16.7,-19.0,10.5,-9.6,7.7,-18.2,-9.0,91.99
2021-07-01,-12.8,9.0,0.0,1.6,110.98,-17.5,-10.0,-23.2,-6.9,6.7,-8.2,-3.8,4.2,-3.2,-1.3,-31.4,-12.7,80.2,1.2,-4.99,-2.2,37.4,-15.3,3.4,-3.4,44.3,0.0,-4.6,-17.0,-11.6,6.1,-16.7,-18.7,3.4,-9.4,7.4,-20.1,-7.0,87.37
2021-08-01,-13.1,4.0,0.1,-2.6,111.99,-19.5,-9.9,-20.6,-5.0,6.6,-9.1,-4.8,3.6,-6.5,-3.2,-32.0,-15.6,77.31,4.8,-14.94,-4.7,37.1,-12.7,0.2,-1.1,42.5,-1.9,-4.6,-12.3,-12.3,7.9,-16.1,-20.5,2.7,-8.5,6.9,-21.6,-8.0,75.64
2021-09-01,-10.4,6.0,-2.7,-1.0,114.66,-20.8,-11.2,-16.0,-5.0,10.3,1.0,-3.4,5.2,-2.8,0.1,-37.5,-17.0,95.47,4.1,-6.75,-3.9,37.8,-18.1,1.0,-2.4,43.3,-0.2,-4.0,-10.2,-14.5,6.3,-18.0,-21.3,3.9,-8.9,6.4,-20.4,-13.0,78.33
2021-10-01,-18.7,5.0,-2.3,-5.5,109.37,-25.5,-14.2,-19.3,-8.9,6.3,-8.5,-4.7,2.8,-6.1,-1.8,-39.8,-11.5,113.39,0.2,-8.32,-3.1,39.0,-4.9,-1.5,-3.3,43.8,-6.2,-5.9,-10.9,-17.5,2.0,-19.4,-23.6,7.0,-7.6,5.0,-23.4,-17.0,77.15
2021-11-01,-18.6,5.0,-6.0,-8.0,109.35,-24.7,-16.1,-19.8,-20.4,1.3,-11.9,-8.0,1.1,-7.0,-4.6,-38.5,-19.2,118.53,-0.7,-12.73,-5.9,39.4,-13.6,-0.7,-7.1,45.9,-13.2,-9.2,-18.9,-20.6,2.7,-20.7,-25.4,7.9,-14.8,2.6,-29.1,-14.0,72.52
2021-12-01,-17.6,4.0,-9.8,-9.8,112.0,-20.4,-11.9,-21.7,-16.0,1.3,-10.1,-9.0,-2.6,-8.6,-7.1,-38.2,-13.5,118.34,-5.9,-12.15,-5.7,38.9,-8.0,-1.4,-7.7,44.9,-11.9,-10.4,-19.2,-21.5,1.9,-23.6,-24.1,4.1,-14.2,2.4,-31.6,-15.0,75.96
2022-01-01,-15.5,2.0,-9.3,-10.1,108.35,-19.8,-14.7,-18.6,-16.3,0.8,-14.1,-9.6,-1.5,-9.3,-5.3,-40.5,-12.9,119.6,-4.2,-18.27,-10.1,36.9,-16.8,-4.9,-8.8,43.6,-11.4,-13.3,-17.6,-23.9,3.6,-20.9,-24.6,4.7,-13.3,-2.2,-27.4,-19.0,72.3
2022-02-01,-16.1,1.0,-8.0,-10.0,104.05,-20.3,-22.3,-19.5,-14.9,0.7,-14.9,-9.5,0.2,-8.3,-6.2,-38.9,-10.2,113.13,-10.4,-18.21,-10.8,35.5,-14.7,-4.4,-7.6,42.9,-15.2,-11.4,-14.5,-21.9,3.4,-21.5,-23.3,3.3,-10.9,-1.7,-29.3,-26.0,67.57
2022-03-01,-24.9,-3.0,-22.4,-22.1,105.12,-28.2,-22.4,-32.9,-28.5,-11.3,-16.0,-21.3,-10.2,-21.1,-15.3,-51.4,-23.0,110.99,-22.3,-18.57,-24.7,32.3,-25.6,-9.8,-24.0,43.6,-23.3,-12.1,-34.1,-27.3,0.0,-28.5,-34.2,3.5,-29.3,-11.3,-27.5,-31.0,63.91
2022-04-01,-25.6,-4.0,-21.1,-19.0,104.35,-28.7,-22.0,-32.9,-27.7,-14.8,-18.6,-21.9,-12.0,-19.3,-18.9,-55.3,-25.0,113.07,-23.8,-17.28,-22.5,32.3,-22.5,-9.6,-21.8,44.3,-26.9,-14.3,-32.5,-29.6,-0.7,-28.1,-27.8,4.1,-27.5,-10.2,-32.7,-38.0,70.15
2022-05-01,-23.1,-10.0,-24.5,-19.1,105.87,-32.1,-25.2,-35.3,-28.8,-15.6,-28.2,-21.6,-11.8,-19.0,-18.3,-51.3,-29.4,128.94,-22.1,-13.57,-22.3,33.0,-28.0,-9.1,-20.6,43.8,-22.8,-16.3,-30.1,-31.1,-6.8,-27.8,-31.8,2.9,-23.7,-13.6,-32.4,-40.0,62.84
2022-06-01,-22.5,-14.0,-25.2,-18.8,103.6,-30.1,-27.8,-35.2,-29.9,-17.4,-33.9,-24.0,-14.2,-21.3,-19.9,-52.5,-35.9,128.16,-27.9,-20.61,-24.0,31.5,-39.0,-11.7,-22.9,43.2,-28.1,-13.1,-32.6,-32.4,-10.5,-28.6,-33.3,-3.3,-29.4,-15.2,-36.8,-41.0,53.8
2022-07-01,-22.1,-16.0,-34.3,-20.2,105.58,-28.2,-29.0,-35.3,-32.5,-18.0,-34.8,-26.8,-15.7,-21.9,-25.3,-55.3,-38.6,123.2,-32.6,-23.21,-27.8,29.9,-23.6,-12.4,-22.5,41.3,-26.6,-15.8,-31.1,-29.6,-10.8,-29.7,-37.6,-13.7,-36.2,-20.5,-31.5,-41.0,55.41
2022-08-01,-19.7,-19.0,-31.4,-19.3,106.76,-29.4,-28.0,-36.0,-28.1,-14.8,-35.9,-24.7,-15.1,-18.8,-24.0,-54.2,-45.6,124.72,-26.8,-18.56,-24.7,32.3,-29.5,-10.7,-25.7,40.3,-28.9,-19.5,-31.5,-30.4,-10.4,-30.2,-36.7,-11.0,-31.9,-20.3,-27.4,-44.0,62.62
2022-09-01,-22.1,-16.0,-32.1,-27.8,111.46,-31.2,-26.5,-27.7,-30.5,-20.0,-43.0,-28.2,-18.9,-22.3,-29.4,-51.2,-46.6,117.2,-32.2,-20.89,-26.4,31.0,-31.2,-15.2,-29.8,40.8,-35.7,-20.2,-36.1,-31.0,-15.7,-31.3,-38.5,-8.4,-32.0,-26.3,-27.2,,63.05
2022-10-01,-22.7,-16.0,-30.6,-26.4,114.23,-28.2,-25.6,-32.6,-31.7,-23.5,-35.9,-27.0,-17.5,-20.7,-28.4,-57.9,-49.2,120.3,-26.3,-18.71,-26.2,30.7,-27.0,-13.1,-27.3,41.3,-32.3,-20.1,-38.5,-30.3,-19.4,-32.9,-37.0,-11.0,-30.9,-27.4,-23.8,,64.34
2022-11-01,-22.2,-22.0,-29.1,-22.0,116.79,-26.7,-24.5,-30.2,-29.6,-17.7,-34.3,-23.7,-16.6,-18.8,-25.1,-51.9,-47.2,119.06,-27.7,-14.97,-18.0,30.0,-31.6,-7.5,-23.6,41.8,-29.3,-19.4,-38.4,-31.9,-17.1,-30.6,-36.5,-13.3,-27.6,-23.1,-23.3,,61.11
2022-12-01,-21.3,-20.0,-28.9,-18.6,122.84,-25.8,-21.4,-28.1,-28.0,-16.2,-35.3,-22.1,-17.3,-20.7,-22.1,-47.9,-45.6,119.87,-21.8,-17.35,-16.6,31.1,-32.7,-6.5,-20.8,43.3,-24.9,-17.3,-37.1,-30.9,-15.1,-31.8,-31.5,-9.8,-24.8,-24.0,-24.9,,64.23
2023-01-01,-16.4,-16.0,-24.6,-16.0,125.38,-29.7,-22.7,-21.2,-21.3,-13.3,-32.7,-20.6,-12.8,-20.4,-19.2,-41.4,-44.9,123.0,-21.9,-20.76,-18.1,31.4,-32.3,-4.7,-16.2,44.8,-24.0,-13.4,-35.3,-29.0,-10.3,-30.6,-35.6,-9.3,-22.2,-23.3,-21.0,,69.83
2023-02-01,-17.4,-22.0,-23.6,-13.2,128.78,-26.7,-19.1,-18.4,-17.4,-12.6,-26.5,-19.3,-11.9,-21.2,-15.8,-47.4,-41.1,122.42,,-16.98,-16.6,31.3,-27.1,-3.4,-16.6,44.6,-18.7,-17.5,-32.5,-27.3,-8.3,-29.9,-34.8,-9.8,-21.4,-20.5,-17.6,,71.98
2023-03-01,-15.7,-22.0,-23.4,-14.3,127.42,-24.9,-21.8,-18.0,-21.8,-11.5,-27.1,-19.3,-11.3,-20.6,-17.1,-41.1,-35.3,123.31,,-19.58,-14.8,33.7,-23.4,-1.8,-14.0,44.5,-17.5,-17.1,-32.3,-25.2,-6.5,-26.9,-33.4,-8.0,-24.0,-21.1,-19.8,,66.71
2023-04-01,-15.7,-14.0,-23.7,-12.5,125.1,-21.9,-19.1,-25.3,-19.7,-8.8,-27.5,-17.5,-8.2,-19.0,-13.3,-44.6,-34.4,126.05,,-18.95,-15.1,35.2,-24.3,-0.9,-18.6,44.6,-17.2,-13.2,-29.8,-22.2,-8.4,-24.9,-31.7,-4.9,-20.2,-17.9,-12.6,,68.54
2023-05-01,-14.7,-21.0,-24.6,-14.7,122.22,-22.1,-16.6,-25.8,-19.7,-6.6,-31.4,-17.1,-9.1,-17.2,-13.0,-34.5,-38.4,128.34,,-17.96,-16.5,35.9,-18.4,-1.9,-15.3,44.7,-19.8,-5.3,-26.9,-19.5,-7.4,-25.3,-30.7,-2.0,-20.6,-15.4,-9.0,,63.48
2023-06-01,-13.6,-21.0,-22.3,-13.7,125.27,-22.9,-15.3,-19.9,-20.4,-4.8,-28.9,-16.1,-8.6,-14.9,-13.7,-31.0,-34.2,127.13,,-21.2,-15.4,36.1,-21.2,-3.8,-12.3,45.9,-19.1,-6.7,-23.4,-17.1,-3.8,-21.7,-34.0,0.7,-16.4,-14.1,-15.0,,69.08
2023-07-01,-14.5,-19.0,-21.1,-11.1,124.46,-19.6,-17.2,-21.9,-15.9,-5.2,-30.1,-14.9,-8.8,-14.2,-13.5,-28.6,-35.2,123.5,,-18.0,-16.3,36.8,-15.3,-1.5,-17.6,46.4,-18.7,-3.4,-20.9,-16.6,-6.5,-20.2,-32.1,3.2,-12.5,-15.1,-20.2,,76.93
2023-08-01,-15.3,-19.0,-22.1,-11.5,131.02,-21.1,-18.0,-24.1,-16.0,-5.5,-30.1,-15.5,-8.1,-14.8,-15.2,-35.4,-31.2,125.25,,-20.15,-16.1,36.3,-17.9,-1.7,-13.6,46.1,-16.9,-4.5,-22.1,-18.3,-6.3,-20.2,-32.8,3.1,-15.5,-17.6,-32.1,,74.67
2023-09-01,-14.0,-20.0,-25.0,-12.1,132.64,-22.5,-16.4,-28.0,-19.4,-7.1,-30.0,-17.1,-11.8,-15.8,-15.9,-45.0,-34.2,121.71,,-18.26,-17.1,35.5,-12.2,1.2,-16.5,46.4,-17.6,-4.7,-26.4,-16.2,-3.7,-19.1,-32.4,-0.3,-20.3,-18.2,-28.9,,73.06
2023-10-01,-12.5,-18.0,-23.8,-12.3,132.75,-19.6,-15.0,-27.6,-17.5,-6.8,-33.8,-16.9,-12.4,-16.6,-15.5,-44.7,-31.1,124.29,,-24.44,-19.5,35.9,-18.0,0.1,-16.9,45.7,-17.6,-4.6,-27.5,-18.0,-6.5,-19.8,-32.2,-1.9,-19.5,-17.8,-25.4,,68.65
2023-11-01,-13.7,-20.0,-22.1,-9.6,129.74,-19.3,-12.3,-26.7,-22.1,-5.2,-33.6,-16.0,-12.1,-13.5,-16.5,-45.6,-29.9,123.58,,-29.14,-18.1,36.4,-23.5,0.3,-17.0,46.9,-14.2,-1.4,-30.5,-19.5,-2.4,-18.5,-32.0,-2.8,-19.3,-15.7,-24.7,,65.96
2023-12-01,-13.1,-18.0,-17.8,-7.1,133.46,-18.5,-12.2,-21.6,-24.4,-6.7,-32.0,-14.5,-12.3,-13.5,-14.0,-40.3,-29.0,123.77,,-24.8,-16.2,37.3,-17.0,2.3,-13.7,47.2,-11.3,-3.0,-26.0,-17.4,1.8,-16.6,-31.3,-0.5,-18.4,-13.1,-22.5,,74.99
2024-01-01,-12.9,-19.0,-18.8,-11.3,133.25,-18.4,-11.6,-22.4,-16.7,-4.6,-33.5,-14.7,-9.4,-11.5,-17.3,-46.3,-17.8,125.05,,,-16.0,38.1,-13.2,2.6,-12.3,47.6,-13.4,1.6,-23.9,-17.9,1.8,-15.5,-28.0,,-18.6,-8.5,-19.9,,84.78
2024-02-01,-15.0,,-16.6,-12.0,138.22,-20.0,-11.9,-26.7,-13.6,-3.5,-34.2,-14.4,-9.6,-14.4,-14.3,-47.2,-25.9,123.11,,,-16.1,39.0,-11.3,2.9,-12.8,47.1,-12.1,1.2,-23.2,-17.5,-1.1,-16.0,-28.9,,-17.2,-6.8,-20.9,,
2024-03-01,-14.3,,-16.6,-11.4,132.52,-18.5,-9.4,-23.9,-12.6,-4.8,-33.8,-13.8,-10.1,-13.4,-13.4,-44.7,-25.1,123.82,,,-16.8,39.5,-15.8,3.0,-10.5,47.4,-10.1,1.9,-20.6,-15.5,1.9,-14.9,-28.6,,-15.8,-5.2,-20.9,,
2024-04-01,-9.9,,-13.3,-10.9,,-19.3,-9.2,-26.6,-10.6,-6.3,-29.7,-13.7,-12.4,-15.6,-10.1,-41.7,-26.0,127.7,,,-19.1,38.3,-13.1,2.9,-8.4,47.7,-11.8,1.3,-17.0,-13.6,1.2,-14.7,-26.1,,-14.7,-4.6,-19.7,,
2024-05-01,-13.1,,-15.2,-11.3,,-18.2,-6.1,-25.6,-10.4,-3.5,-28.1,-13.2,-10.6,-13.7,-9.8,-43.8,-25.8,,,,-18.7,36.2,-11.6,5.5,-10.7,,-11.5,3.7,-17.6,-15.4,2.6,-13.0,-26.2,,-14.5,-1.5,-19.7,,
