Date,AL,AR,AU,AT,BD,BY,BE,BR,BG,CA,CL,CN,CO,CR,HR,CY,CZ,DK,EG,SV,EE,EU,FI,FR,DE,GR,HK,HU,IN,ID
1956-01-01,,,,,,,,,,13.3,,,,,,,,,,,,,,,,,,,,
1956-02-01,,,,,,,,,,13.3,,,,,,,,,,,,,,,,,,,,
1956-03-01,,,,,,,,,,13.4,,,,,,,,,,,,,,,,,,,,
1956-04-01,,,,,,,,,,13.4,,,,,,,,,,,,,,,,,,,,
1956-05-01,,,,,,,,,,13.4,,,,,,,,,,,,,,,,,,,,
1956-06-01,,,,,,,,,,13.5,,,,,,,,,,,,,,,,,,,,
1956-07-01,,,,,,,,,,13.4,,,,,,,,,,,,,,,,,,,,
1956-08-01,,,,,,,,,,13.5,,,,,,,,,,,,,,,,,,,,
1956-09-01,,,,,,,,,,13.5,,,,,,,,,,,,,,,,,,,,
1956-10-01,,,,,,,,,,13.5,,,,,,,,,,,,,,,,,,,,
1956-11-01,,,,,,,,,,13.6,,,,,,,,,,,,,,,,,,,,
1956-12-01,,,,,,,,,,13.6,,,,,,,,,,,,,,,,,,,,
1957-01-01,,,,,,,,,,13.7,,,,,,,,,,,,,,,,,,,,
1957-02-01,,,,,,,,,,13.7,,,,,,,,,,,,,,,,,,,,
1957-03-01,,,,,,,,,,13.7,,,,,,,,,,,,,,,,,,,,
1957-04-01,,,,,,,,,,13.7,,,,,,,,,,,,,,,,,,,,
1957-05-01,,,,,,,,,,13.7,,,,,,,,,,,,,,,,,,,,
1957-06-01,,,,,,,,,,13.7,,,,,,,,,,,,,,,,,,,,
1957-07-01,,,,,,,,,,13.7,,,,,,,,,,,,,,,,,,,,
1957-08-01,,,,,,,,,,13.7,,,,,,,,,,,,,,,,,,,,
1957-09-01,,,,,,,,,,13.7,,,,,,,,,,,,,,,,,,,,
1957-10-01,,,,,,,,,,13.7,,,,,,,,,,,,,,,,,,,,
1957-11-01,,,,,,,,,,13.7,,,,,,,,,,,,,,,,,,,,
1957-12-01,,,,,,,,,,13.7,,,,,,,,,,,,,,,,,,,,
1958-01-01,,,,,,,,,,13.7,,,,,,,,,,,,,,,,,,,,
1958-02-01,,,,,,,,,,13.7,,,,,,,,,,,,,,,,,,,,
1958-03-01,,,,,,,,,,13.7,,,,,,,,,,,,,,,,,,,,
1958-04-01,,,,,,,,,,13.7,,,,,,,,,,,,,,,,,,,,
1958-05-01,,,,,,,,,,13.7,,,,,,,,,,,,,,,,,,,,
1958-06-01,,,,,,,,,,13.7,,,,,,,,,,,,,,,,,,,,
1958-07-01,,,,,,,,,,13.7,,,,,,,,,,,,,,,,,,,,
1958-08-01,,,,,,,,,,13.7,,,,,,,,,,,,,,,,,,,,
1958-09-01,,,,,,,,,,13.7,,,,,,,,,,,,,,,,,,,,
1958-10-01,,,,,,,,,,13.7,,,,,,,,,,,,,,,,,,,,
1958-11-01,,,,,,,,,,13.8,,,,,,,,,,,,,,,,,,,,
1958-12-01,,,,,,,,,,13.8,,,,,,,,,,,,,,,,,,,,
1959-01-01,,,,,,,,,,13.8,,,,,,,,,,,,,,,,,,,,
1959-02-01,,,,,,,,,,13.8,,,,,,,,,,,,,,,,,,,,
1959-03-01,,,,,,,,,,13.8,,,,,,,,,,,,,,,,,,,,
1959-04-01,,,,,,,,,,13.8,,,,,,,,,,,,,,,,,,,,
1959-05-01,,,,,,,,,,13.8,,,,,,,,,,,,,,,,,,,,
1959-06-01,,,,,,,,,,13.8,,,,,,,,,,,,,,,,,,,,
1959-07-01,,,,,,,,,,13.8,,,,,,,,,,,,,,,,,,,,
1959-08-01,,,,,,,,,,13.8,,,,,,,,,,,,,,,,,,,,
1959-09-01,,,,,,,,,,13.9,,,,,,,,,,,,,,,,,,,,
1959-10-01,,,,,,,,,,13.8,,,,,,,,,,,,,,,,,,,,
1959-11-01,,,,,,,,,,13.8,,,,,,,,,,,,,,,,,,,,
1959-12-01,,,,,,,,,,13.8,,,,,,,,,,,,,,,,,,,,
1960-01-01,,,,,,,,,,13.9,,,,,,,,,,,,,,,,,,,,
1960-02-01,,,,,,,,,,13.8,,,,,,,,,,,,,,,,,,,,
1960-03-01,,,,,,,,,,13.8,,,,,,,,,,,,,,,,,,,,
1960-04-01,,,,,,,,,,13.9,,,,,,,,,,,,,,,,,,,,
1960-05-01,,,,,,,,,,13.8,,,,,,,,,,,,,,,,,,,,
1960-06-01,,,,,,,,,,13.9,,,,,,,,,,,,,,,,,,,,
1960-07-01,,,,,,,,,,13.9,,,,,,,,,,,,,,,,,,,,
1960-08-01,,,,,,,,,,13.9,,,,,,,,,,,,,,,,,,,,
1960-09-01,,,,,,,,,,13.9,,,,,,,,,,,,,,,,,,,,
1960-10-01,,,,,,,,,,13.9,,,,,,,,,,,,,,,,,,,,
1960-11-01,,,,,,,,,,13.8,,,,,,,,,,,,,,,,,,,,
1960-12-01,,,,,,,,,,13.9,,,,,,,,,,,,,,,,,,,,
1961-01-01,,,,,,,,,,13.9,,,,,,,,,,,,,,,,,,,,
1961-02-01,,,,,,,,,,13.9,,,,,,,,,,,,,,,,,,,,
1961-03-01,,,,,,,,,,13.8,,,,,,,,,,,,,,,,,,,,
1961-04-01,,,,,,,,,,13.9,,,,,,,,,,,,,,,,,,,,
1961-05-01,,,,,,,,,,13.8,,,,,,,,,,,,,,,,,,,,
1961-06-01,,,,,,,,,,14.0,,,,,,,,,,,,,,,,,,,,
1961-07-01,,,,,,,,,,13.9,,,,,,,,,,,,,,,,,,,,
1961-08-01,,,,,,,,,,13.9,,,,,,,,,,,,,,,,,,,,
1961-09-01,,,,,,,,,,13.9,,,,,,,,,,,,,,,,,,,,
1961-10-01,,,,,,,,,,13.9,,,,,,,,,,,,,,,,,,,,
1961-11-01,,,,,,,,,,13.9,,,,,,,,,,,,,,,,,,,,
1961-12-01,,,,,,,,,,14.0,,,,,,,,,,,,,,,,,,,,
1962-01-01,,,,,,,,,,14.0,,,,,,,,,,,,,,,,,,,,
1962-02-01,,,,,,,,,,14.0,,,,,,,,,,,,,,,,,,,,
1962-03-01,,,,,,,,,,14.0,,,,,,,,,,,,,,,,,,,,
1962-04-01,,,,,,,,,,14.0,,,,,,,,,,,,,,,,,,,,
1962-05-01,,,,,,,,,,14.1,,,,,,,,,,,,,,,,,,,,
1962-06-01,,,,,,,,,,14.1,,,,,,,,,,,,,,,,,,,,
1962-07-01,,,,,,,,,,14.2,,,,,,,,,,,,,,,,,,,,
1962-08-01,,,,,,,,,,14.2,,,,,,,,,,,,,,,,,,,,
1962-09-01,,,,,,,,,,14.2,,,,,,,,,,,,,,,,,,,,
1962-10-01,,,,,,,,,,14.2,,,,,,,,,,,,,,,,,,,,
1962-11-01,,,,,,,,,,14.2,,,,,,,,,,,,,,,,,,,,
1962-12-01,,,,,,,,,,14.2,,,,,,,,,,,,,,,,,,,,
1963-01-01,,,,,,,,,,14.2,,,,,,,,,,,,,,,,,,,,
1963-02-01,,,,,,,,,,14.2,,,,,,,,,,,,,,,,,,,,
1963-03-01,,,,,,,,,,14.2,,,,,,,,,,,,,,,,,,,,
1963-04-01,,,,,,,,,,14.2,,,,,,,,,,,,,,,,,,,,
1963-05-01,,,,,,,,,,14.2,,,,,,,,,,,,,,,,,,,,
1963-06-01,,,,,,,,,,14.3,,,,,,,,,,,,,,,,,,,,
1963-07-01,,,,,,,,,,14.3,,,,,,,,,,,,,,,,,,,,
1963-08-01,,,,,,,,,,14.3,,,,,,,,,,,,,,,,,,,,
1963-09-01,,,,,,,,,,14.3,,,,,,,,,,,,,,,,,,,,
1963-10-01,,,,,,,,,,14.3,,,,,,,,,,,,,,,,,,,,
1963-11-01,,,,,,,,,,14.4,,,,,,,,,,,,,,,,,,,,
1963-12-01,,,,,,,,,,14.3,,,,,,,,,,,,,,,,,,,,
1964-01-01,,,,,,,,,,14.4,,,,,,,,,,,,,,,,,,,,
1964-02-01,,,,,,,,,,14.4,,,,,,,,,,,,,,,,,,,,
1964-03-01,,,,,,,,,,14.4,,,,,,,,,,,,,,,,,,,,
1964-04-01,,,,,,,,,,14.4,,,,,,,,,,,,,,,,,,,,
1964-05-01,,,,,,,,,,14.4,,,,,,,,,,,,,,,,,,,,
1964-06-01,,,,,,,,,,14.4,,,,,,,,,,,,,,,,,,,,
1964-07-01,,,,,,,,,,14.4,,,,,,,,,,,,,,,,,,,,
1964-08-01,,,,,,,,,,14.4,,,,,,,,,,,,,,,,,,,,
1964-09-01,,,,,,,,,,14.4,,,,,,,,,,,,,,,,,,,,
1964-10-01,,,,,,,,,,14.4,,,,,,,,,,,,,,,,,,,,
1964-11-01,,,,,,,,,,14.4,,,,,,,,,,,,,,,,,,,,
1964-12-01,,,,,,,,,,14.4,,,,,,,,,,,,,,,,,,,,
1965-01-01,,,,,,,,,,14.4,,,,,,,,,,,,,,,,,,,,
1965-02-01,,,,,,,,,,14.5,,,,,,,,,,,,,,,,,,,,
1965-03-01,,,,,,,,,,14.5,,,,,,,,,,,,,,,,,,,,
1965-04-01,,,,,,,,,,14.5,,,,,,,,,,,,,,,,,,,,
1965-05-01,,,,,,,,,,14.5,,,,,,,,,,,,,,,,,,,,
1965-06-01,,,,,,,,,,14.7,,,,,,,,,,,,,,,,,,,,
1965-07-01,,,,,,,,,,14.7,,,,,,,,,,,,,,,,,,,,
1965-08-01,,,,,,,,,,14.7,,,,,,,,,,,,,,,,,,,,
1965-09-01,,,,,,,,,,14.7,,,,,,,,,,,,,,,,,,,,
1965-10-01,,,,,,,,,,14.7,,,,,,,,,,,,,,,,,,,,
1965-11-01,,,,,,,,,,14.7,,,,,,,,,,,,,,,,,,,,
1965-12-01,,,,,,,,,,14.7,,,,,,,,,,,,,,,,,,,,
1966-01-01,,,,,,,,,,14.8,,,,,,,,,,,,,,,,,,,,
1966-02-01,,,,,,,,,,14.9,,,,,,,,,,,,,,,,,,,,
1966-03-01,,,,,,,,,,15.0,,,,,,,,,,,,,,,,,,,,
1966-04-01,,,,,,,,,,14.9,,,,,,,,,,,,,,,,,,,,
1966-05-01,,,,,,,,,,15.0,,,,,,,,,,,,,,,,,,,,
1966-06-01,,,,,,,,,,15.0,,,,,,,,,,,,,,,,,,,,
1966-07-01,,,,,,,,,,15.0,,,,,,,,,,,,,,,,,,,,
1966-08-01,,,,,,,,,,15.0,,,,,,,,,,,,,,,,,,,,
1966-09-01,,,,,,,,,,15.1,,,,,,,,,,,,,,,,,,,,
1966-10-01,,,,,,,,,,15.0,,,,,,,,,,,,,,,,,,,,
1966-11-01,,,,,,,,,,15.1,,,,,,,,,,,,,,,,,,,,
1966-12-01,,,,,,,,,,15.1,,,,,,,,,,,,,,,,,,,,
1967-01-01,,,,,,,,,,15.1,,,,,,,,,,,,,,,,,,,,
1967-02-01,,,,,,,,,,15.2,,,,,,,,,,,,,,,,,,,,
1967-03-01,,,,,,,,,,15.3,,,,,,,,,,,,,,,,,,,,
1967-04-01,,,,,,,,,,15.3,,,,,,,,,,,,,,,,,,,,
1967-05-01,,,,,,,,,,15.4,,,,,,,,,,,,,,,,,,,,
1967-06-01,,,,,,,,,,15.4,,,,,,,,,,,,,,,,,,,,
1967-07-01,,,,,,,,,,15.4,,,,,,,,,,,,,,,,,,,,
1967-08-01,,,,,,,,,,15.4,,,,,,,,,,,,,,,,,,,,
1967-09-01,,,,,,,,,,15.4,,,,,,,,,,,,,,,,,,,,
1967-10-01,,,,,,,,,,15.4,,,,,,,,,,,,,,,,,,,,
1967-11-01,,,,,,,,,,15.4,,,,,,,,,,,,,,,,,,,,
1967-12-01,,,,,,,,,,15.4,,,,,,,,,,,,,,,,,,,,
1968-01-01,,,,,,,,,,15.5,,,,,,,,,,,,,,,,,,,,
1968-02-01,,,,,,,,,,15.5,,,,,,,,,,,,,,,,,,,,
1968-03-01,,,,,,,,,,15.6,,,,,,,,,,,,,,,,,,,,
1968-04-01,,,,,,,,,,15.5,,,,,,,,,,,,,,,,,,,,
1968-05-01,,,,,,,,,,15.5,,,,,,,,,,,,,,,,,,,,
1968-06-01,,,,,,,,,,15.6,,,,,,,,,,,,,,,,,,,,
1968-07-01,,,,,,,,,,15.6,,,,,,,,,,,,,,,,,,,,
1968-08-01,,,,,,,,,,15.6,,,,,,,,,,,,,,,,,,,,
1968-09-01,,,,,,,,,,15.7,,,,,,,,,,,,,,,,,,,,
1968-10-01,,,,,,,,,,15.7,,,,,,,,,,,,,,,,,,,,
1968-11-01,,,,,,,,,,15.8,,,,,,,,,,,,,,,,,,,,
1968-12-01,,,,,,,,,,15.8,,,,,,,,,,,,,,,,,,,,
1969-01-01,,,,,,,,,,15.9,,,,,,,,,,,,,,,,,,,,
1969-02-01,,,,,,,,,,16.1,,,,,,,,,,,,,,,,,,,,
1969-03-01,,,,,,,,,,16.1,,,,,,,,,,,,,,,,,,,,
1969-04-01,,,,,,,,,,16.1,,,,,,,,,,,,,,,,,,,,
1969-05-01,,,,,,,,,,16.1,,,,,,,,,,,,,,,,,,,,
1969-06-01,,,,,,,,,,16.2,,,,,,,,,,,,,,,,,,,,
1969-07-01,,,,,,,,,,16.1,,,,,,,,,,,,,,,,,,,,
1969-08-01,,,,,,,,,,16.1,,,,,,,,,,,,,,,,,,,,
1969-09-01,,,,,,,,,,16.2,,,,,,,,,,,,,,,,,,,,
1969-10-01,,,,,,,,,,16.2,,,,,,,,,,,,,,,,,,,,
1969-11-01,,,,,,,,,,16.3,,,,,,,,,,,,,,,,,,,,
1969-12-01,,,,,,,,,,16.4,,,,,,,,,,,,,,,,,,,,
1970-01-01,,,,,,,,,,16.6,,,,,,,,,,,,,,,,,,,,
1970-02-01,,,,,,,,,,16.7,,,,,,,,,,,,,,,,,,,,
1970-03-01,,,,,,,,,,16.8,,,,,,,,,,,,,,,,,,,,
1970-04-01,,,,,,,,,,16.8,,,,,,,,,,,,,,,,,,,,
1970-05-01,,,,,,,,,,16.8,,,,,,,,,,,,,,,,,,,,
1970-06-01,,,,,,,,,,16.6,,,,,,,,,,,,,,,,,,,,
1970-07-01,,,,,,,,,,16.5,,,,,,,,,,,,,,,,,,,,
1970-08-01,,,,,,,,,,16.4,,,,,,,,,,,,,,,,,,,,
1970-09-01,,,,,,,,,,16.4,,,,,,,,,,,,,,,,,,,,
1970-10-01,,,,,,,,,,16.5,,,,,,,,,,,,,,,,,,,,
1970-11-01,,,,,,,,,,16.5,,,,,,,,,,,,,,,,,,,,
1970-12-01,,,,,,,,,,16.5,,,,,,,,,,,,,,,,,,,,
1971-01-01,,,,,,,,,,16.7,,,,,,,,,,,,,,,,,,,,
1971-02-01,,,,,,,,,,16.8,,,,,,,,,,,,,,,,,,,,
1971-03-01,,,,,,,,,,16.8,,,,,,,,,,,,,,,,,,,,
1971-04-01,,,,,,,,,,16.8,,,,,,,,,,,,,,,,,,,,
1971-05-01,,,,,,,,,,16.8,,,,,,,,,,,,,,,,,,,,
1971-06-01,,,,,,,,,,16.8,,,,,,,,,,,,,,,,,,,,
1971-07-01,,,,,,,,,,17.0,,,,,,,,,,,,,,,,,,,,
1971-08-01,,,,,,,,,,17.0,,,,,,,,,,,,,,,,,,,,
1971-09-01,,,,,,,,,,17.0,,,,,,,,,,,,,,,,,,,,
1971-10-01,,,,,,,,,,17.0,,,,,,,,,,,,,,,,,,,,
1971-11-01,,,,,,,,,,17.0,,,,,,,,,,,,,,,,,,,,
1971-12-01,,,,,,,,,,17.1,,,,,,,,,,,,,,,,,,,,
1972-01-01,,,,,,,,,,17.3,,,,,,,,,,,,,,,,,,,,
1972-02-01,,,,,,,,,,17.4,,,,,,,,,,,,,,,,,,,,
1972-03-01,,,,,,,,,,17.5,,,,,,,,,,,,,,,,,,,,
1972-04-01,,,,,,,,,,17.6,,,,,,,,,,,,,,,,,,,,
1972-05-01,,,,,,,,,,17.6,,,,,,,,,,,,,,,,,,,,
1972-06-01,,,,,,,,,,17.6,,,,,,,,,,,,,,,,,,,,
1972-07-01,,,,,,,,,,17.7,,,,,,,,,,,,,,,,,,,,
1972-08-01,,,,,,,,,,17.7,,,,,,,,,,,,,,,,,,,,
1972-09-01,,,,,,,,,,17.8,,,,,,,,,,,,,,,,,,,,
1972-10-01,,,,,,,,,,17.8,,,,,,,,,,,,,,,,,,,,
1972-11-01,,,,,,,,,,17.9,,,,,,,,,,,,,,,,,,,,
1972-12-01,,,,,,,,,,18.1,,,,,,,,,,,,,,,,,,,,
1973-01-01,,,,,,,,,,18.4,,,,,,,,,,,,,,,,,,,,
1973-02-01,,,,,,,,,,18.6,,,,,,,,,,,,,,,,,,,,
1973-03-01,,,,,,,,,,18.8,,,,,,,,,,,,,,,,,,,,
1973-04-01,,,,,,,,,,19.0,,,,,,,,,,,,,,,,,,,,
1973-05-01,,,,,,,,,,19.3,,,,,,,,,,,,,,,,,,,,
1973-06-01,,,,,,,,,,19.5,,,,,,,,,,,,,,,,,,,,
1973-07-01,,,,,,,,,,19.8,,,,,,,,,,,,,,,,,,,,
1973-08-01,,,,,,,,,,20.3,,,,,,,,,,,,,,,,,,,,
1973-09-01,,,,,,,,,,20.2,,,,,,,,,,,,,,,,,,,,
1973-10-01,,,,,,,,,,20.4,,,,,,,,,,,,,,,,,,,,
1973-11-01,,,,,,,,,,20.5,,,,,,,,,,,,,,,,,,,,
1973-12-01,,,,,,,,,,20.8,,,,,,,,,,,,,,,,,,,,
1974-01-01,,,,,,,,,,21.5,,,,,,,,,,,,,,,,,,,,
1974-02-01,,,,,,,,,,21.8,,,,,,,,,,,,,,,,,,,,
1974-03-01,,,,,,,,,,22.1,,,,,,,,,,,,,,,,,,,,
1974-04-01,,,,,,,,,,22.7,,,,,,,,,,,,,,,,,,,,
1974-05-01,,,,,,,,,,22.9,,,,,,,,,,,,,,,,,,,,
1974-06-01,,,,,,,,,,23.1,,,,,,,,,,,,,,,,,,,,
1974-07-01,,,,,,,,,,23.6,,,,,,,,,,,,,,,,,,,,
1974-08-01,,,,,,,,,,24.0,,,,,,,,,,,,,,,,,,,,
1974-09-01,,,,,,,,,,24.2,,,,,,,,,,,,,,,,,,,,
1974-10-01,,,,,,,,,,24.6,,,,,,,,,,,,,,,,,,,,
1974-11-01,,,,,,,,,,24.9,,,,,,,,,,,,,,,,,,,,
1974-12-01,,,,,,,,,,24.9,,,,,,,,,,,,,,,,,,,,
1975-01-01,,,,,,,,,,25.3,,,,,,,,,,,,,,,,,,,,
1975-02-01,,,,,,,,,,25.4,,,,,,,,,,,,,,,,,,,,
1975-03-01,,,,,,,,,,25.4,,,,,,,,,,,,,,,,,,,,
1975-04-01,,,,,,,,,,25.6,,,,,,,,,,,,,,,,,,,,
1975-05-01,,,,,,,,,,25.9,,,,,,,,,,,,,,,,,,,,
1975-06-01,,,,,,,,,,25.9,,,,,,,,,,,,,,,,,,,,
1975-07-01,,,,,,,,,,26.0,,,,,,,,,,,,,,,,,,,,
1975-08-01,,,,,,,,,,26.3,,,,,,,,,,,,,,,,,,,,
1975-09-01,,,,,,,,,,26.4,,,,,,,,,,,,,,,,,,,,
1975-10-01,,,,,,,,,,26.6,,,,,,,,,,,,,,,,,,,,
1975-11-01,,,,,,,,,,26.6,,,,,,,,,,,,,,,,,,,,
1975-12-01,,,,,,,,,,26.7,,,,,,,,,,,,,,,,,,,,
1976-01-01,,,,,,,,,,26.9,,,,,,,,,,,,,,,43.9,,,,,
1976-02-01,,,,,,,,,,26.9,,,,,,,,,,,,,,,43.9,,,,,
1976-03-01,,,,,,,,,,26.9,,,,,,,,,,,,,,,44.1,,,,,
1976-04-01,,,,,,,,,,27.0,,,,,,,,,,,,,,,44.6,,,,,
1976-05-01,,,,,,,,,,27.2,,,,,,,,,,,,,,,44.6,,,,,
1976-06-01,,,,,,,,,,27.3,,,,,,,,,,,,,,,44.9,,,,,
1976-07-01,,,,,,,,,,27.4,,,,,,,,,,,,,,,45.1,,,,,
1976-08-01,,,,,,,,,,27.4,,,,,,,,,,,,,,,45.2,,,,,
1976-09-01,,,,,,,,,,27.6,,,,,,,,,,,,,,,45.3,,,,,
1976-10-01,,,,,,,,,,27.6,,,,,,,,,,,,,,,45.3,,,,,
1976-11-01,,,,,,,,,,27.7,,,,,,,,,,,,,,,45.2,,,,,
1976-12-01,,,,,,,,,,28.0,,,,,,,,,,,,,,,45.2,,,,,
1977-01-01,,,,,,,,,,28.3,,,,,,,,,,,,,,,45.4,,,,,
1977-02-01,,,,,,,,,,28.6,,,,,,,,,,,,,,,45.8,,,,,
1977-03-01,,,,,,,,,,28.9,,,,,,,,,,,,,,,45.9,,,,,
1977-04-01,,,,,,,,,,29.3,,,,,,,,,,,,,,,46.1,,,,,
1977-05-01,,,,,,,,,,29.4,,,,,,,,,,,,,,,46.1,,,,,
1977-06-01,,,,,,,,,,29.4,,,,,,,,,,,,,,,46.1,,,,,
1977-07-01,,,,,,,,,,29.7,,,,,,,,,,,,,,,46.1,,,,,
1977-08-01,,,,,,,,,,29.7,,,,,,,,,,,,,,,46.1,,,,,
1977-09-01,,,,,,,,,,29.9,,,,,,,,,,,,,,,46.1,,,,,
1977-10-01,,,,,,,,,,30.0,,,,,,,,,,,,,,,46.1,,,,,
1977-11-01,,,,,,,,,,30.1,,,,,,,,,,,,,,,46.1,,,,,
1977-12-01,,,,,,,,,,30.3,,,,,,,,,,,,,,,46.1,,,,,
1978-01-01,,,,,,,,,,30.7,,,,,,,,,,,,,,,46.1,,,,,
1978-02-01,,,,,,,,,,30.9,,,,,,,,,,,,,,,46.1,,,,,
1978-03-01,,,,,,,,,,31.2,,,,,,,,,,,,,,,46.2,,,,,
1978-04-01,,,,,,,,,,31.7,,,,,,,,,,,,,,,46.3,,,,,
1978-05-01,,,,,,,,,,31.8,,,,,,,,,,,,,,,46.7,,,,,
1978-06-01,,,,,,,,,,32.0,,,,,,,,,,,,,,,46.7,,,,,
1978-07-01,,,,,,,,,,32.1,,,,,,,,,,,,,,,46.7,,,,,
1978-08-01,,,,,,,,,,32.4,,,,,,,,,,,,,,,46.7,,,,,
1978-09-01,,,,,,,,,,32.7,,,,,,,,,,,,,,,46.7,,,,,
1978-10-01,,,,,,,,,,33.4,,,,,,,,,,,,,,,46.7,,,,,
1978-11-01,,,,,,,,,,33.6,,,,,,,,,,,,,,,46.8,,,,,
1978-12-01,,,,,,,,,,33.7,,,,,,,,,,,,,,,46.8,,,,,
1979-01-01,,,,,,,,,,34.7,,,,,,,,,,,,,,,47.2,,,,,
1979-02-01,,,,,,,,,,35.3,,,,,,,,,,,,,,,47.5,,,,,
1979-03-01,,,,,,,,,,35.6,,,,,,,,,,,,,,,47.9,,,,,
1979-04-01,,,,,,,,,,36.0,,,,,,,,,,,,,,,48.2,,,,,
1979-05-01,,,,,,,,,,36.3,,,,,,,,,,,,,,,48.4,,,,,
1979-06-01,,,,,,,,,,36.5,,,,,,,,,,,,,,,48.6,,,,,
1979-07-01,,,,,,,,,,37.0,,,,,,,,,,,,,,,49.0,,,,,
1979-08-01,,,,,,,,,,37.2,,,,,,,,,,,,,,,49.1,,,,,
1979-09-01,,,,,,,,,,37.8,,,,,,,,,,,,,,,49.3,,,,,
1979-10-01,,,,,,,,,,38.5,,,,,,,,,,,,,,,49.6,,,,,
1979-11-01,,,,,,,,,,38.6,,,,,,,,,,,,,,,49.8,,,,,
1979-12-01,,,,,,,,,,39.0,,,,,,,,,,,,,,,50.1,,,,,
1980-01-01,,,,,,,,,,40.5,,,,,,,,,,,,,,,50.8,,,,,
1980-02-01,,,,,,,,,,40.7,,,,,,,,,,,,,,,51.1,,,,,
1980-03-01,,,,,,,,,,40.5,,,,,,,,,,,,,,,51.6,,,,,
1980-04-01,,,,,,,,,,40.8,,,,,,,,,,,,,,,52.3,,,,,
1980-05-01,,,,,,,,,,41.0,,,,,,,,,,,,,,,52.5,,,,,
1980-06-01,,,,,,,,,,41.2,,,,,,,,,,,,,,,52.5,,,,,
1980-07-01,,,,,,,,,,41.6,,,,,,,,,,,,,,,52.6,,,,,
1980-08-01,,,,,,,,,,42.2,,,,,,,,,,,,,,,52.6,,,,,
1980-09-01,,,,,,,,,,42.6,,,,,,,,,,,,,,,52.6,,,,,
1980-10-01,,,,,,,,,,43.2,,,,,,,,,,,,,,,53.1,,,,,
1980-11-01,,,,,,,,,,43.6,,,,,,,,,,,,,,,53.5,,,,,
1980-12-01,,,,,,,,,,43.7,,,,,,,,,,,,,,,53.7,,,,,
1981-01-01,,,,,,,,,,44.2,,,,,,,,,,,,,,,54.3,,,,,
1981-02-01,,,,,,,,,,44.6,,,,,,,,,,,,,,,54.6,,,,,
1981-03-01,,,,,,,,,,44.9,,,,,,,,,,,,,,,55.1,,,,,
1981-04-01,,,,,,,,,,45.3,,,,,,,,,,,,,,,55.8,,,,,
1981-05-01,,,,,,,,,,45.6,,,,,,,,,,,,,,,56.1,,,,,
1981-06-01,,,,,,,,,,46.1,,,,,,,,,,,,,,,56.4,,,,,
1981-07-01,,,,,,,,,,46.4,,,,,,,,,,,,,,,56.9,,,,,
1981-08-01,,,,,,,,,,46.8,,,,,,,,,,,,,,,57.3,,,,,
1981-09-01,,,,,,,,,,46.9,,,,,,,,,,,,,,,57.4,,,,,
1981-10-01,,,,,,,,,,47.3,,,,,,,,,,,,,,,58.0,,,,,
1981-11-01,,,,,,,,,,47.2,,,,,,,,,,,,,,,58.2,,,,,
1981-12-01,,,,,,,,,,47.3,,,,,,,,,,,,,,,58.2,,,,,
1982-01-01,,,,,,,,,,47.9,,,,,,,,,,,,,,,59.0,,,,,
1982-02-01,,,,,,,,,,48.2,,,,,,,,,,,,,,,59.0,,,,,
1982-03-01,,,,,,,,,,48.5,,,,,,,,,,,,,,,59.0,,,,,
1982-04-01,,,,,,,,,,48.9,,,,,,,,,,,,,,,59.5,,,,,
1982-05-01,,,,,,,,,,49.1,,,,,,,,,,,,,,,59.6,,,,,
1982-06-01,,,,,,,,,,49.3,,,,,,,,,,,,,,,60.0,,,,,
1982-07-01,,,,,,,,,,49.4,,,,,,,,,,,,,,,60.2,,,,,
1982-08-01,,,,,,,,,,49.3,,,,,,,,,,,,,,,60.2,,,,,
1982-09-01,,,,,,,,,,49.7,,,,,,,,,,,,,,,60.2,,,,,
1982-10-01,,,,,,,,,,49.8,,,,,,,,,,,,,,,60.5,,,,,
1982-11-01,,,,,,,,,,49.7,,,,,,,,,,,,,,,60.5,,,,,
1982-12-01,,,,,,,,,,49.7,,,,,,,,,,,,,,,60.4,,,,,
1983-01-01,,,,,,,,,,49.7,,,,,,,,,,,,,,,60.4,,,,,
1983-02-01,,,,,,,,,,49.7,,,,,,,,,,,,,,,60.3,,,,,
1983-03-01,,,,,,,,,,50.2,,,,,,,,,,,,,,,60.2,,,,,
1983-04-01,,,,,,,,,,50.4,,,,,,,,,,,,,,,60.4,,,,,
1983-05-01,,,,,,,,,,50.7,,,,,,,,,,,,,,,60.4,,,,,
1983-06-01,,,,,,,,,,51.1,,,,,,,,,,,,,,,60.6,,,,,
1983-07-01,,,,,,,,,,51.2,,,,,,,,,,,,,,,60.7,,,,,
1983-08-01,,,,,,,,,,51.3,,,,,,,,,,,,,,,61.0,,,,,
1983-09-01,,,,,,,,,,51.2,,,,,,,,,,,,,,,61.1,,,,,
1983-10-01,,,,,,,,,,51.4,,,,,,,,,,,,,,,61.1,,,,,
1983-11-01,,,,,,,,,,51.4,,,,,,,,,,,,,,,61.3,,,,,
1983-12-01,,,,,,,,,,51.7,,,,,,,,,,,,,,,61.4,,,,,
1984-01-01,,,,,,,,,,52.1,,,,,,,,,,,,,,,61.8,,,,,
1984-02-01,,,,,,,,,,52.3,,,,,,,,,,,,,,,61.8,,,,,
1984-03-01,,,,,,,,,,52.7,,,,,,,,,,,,,,,61.8,,,,,
1984-04-01,,,,,,,,,,53.1,,,,,,,,,,,,,,,62.3,,,,,
1984-05-01,,,,,,,,,,53.1,,,,,,,,,,,,,,,62.4,,,,,
1984-06-01,,,,,,,,,,53.1,,,,,,,,,,,,,,,62.5,,,,,
1984-07-01,,,,,,,,,,53.5,,,,,,,,,,,,,,,62.5,,,,,
1984-08-01,,,,,,,,,,53.5,,,,,,,,,,,,,,,62.5,,,,,
1984-09-01,,,,,,,,,,53.4,,,,,,,,,,,,,,,62.7,,,,,
1984-10-01,,,,,,,,,,53.4,,,,,,,,,,,,,,,63.2,,,,,
1984-11-01,,,,,,,,,,53.7,,,,,,,,,,,,,,,63.2,,,,,
1984-12-01,,,,,,,,,,53.8,,,,,,,,,,,,,,,63.2,,,,,
1985-01-01,,,,,,,,,,54.1,,,,,,,,,,,,,,,63.5,,,,,
1985-02-01,,,,,,,,,,54.2,,,,,,,,,,,,,,,63.8,,,,,
1985-03-01,,,,,,,,,,54.5,,,,,,,,,,,,,,,63.9,,,,,
1985-04-01,,,,,,,,,,54.5,,,,,,,,,,,,,,,64.0,,,,,
1985-05-01,,,,,,,,,,54.6,,,,,,,,,,,,,,,64.1,,,,,
1985-06-01,,,,,,,,,,54.6,,,,,,,,,,,,,,,64.1,,,,,
1985-07-01,,,,,,,,,,54.6,,,,,,,,,,,,,,,64.2,,,,,
1985-08-01,,,,,,,,,,54.5,,,,,,,,,,,,,,,64.0,,,,,
1985-09-01,,,,,,,,,,54.6,,,,,,,,,,,,,,,64.1,,,,,
1985-10-01,,,,,,,,,,54.8,,,,,,,,,,,,,,,64.0,,,,,
1985-11-01,,,,,,,,,,54.9,,,,,,,,,,,,,,,63.9,,,,,
1985-12-01,,,,,,,,,,55.3,,,,,,,,,,,,,,,63.9,,,,,
1986-01-01,,,,,,,,,,55.2,,,,,,,,,,,,,,,63.8,,,,,
1986-02-01,,,,,,,,,,55.1,,,,,,,,,,,,,,,63.5,,,,,
1986-03-01,,,,,,,,,,55.0,,,,,,,,,,,,,,,63.2,,,,,
1986-04-01,,,,,,,,,,54.9,,,,,,,,,,,,,,,62.9,,,,,
1986-05-01,,,,,,,,,,54.5,,,,,,,,,,,,,,,62.6,,,,,
1986-06-01,,,,,,,,,,54.7,,,,,,,,,,,,,,,62.6,,,,,
1986-07-01,,,,,,,,,,54.8,,,,,,,,,,,,,,,62.3,,,,,
1986-08-01,,,,,,,,,,55.1,,,,,,,,,,,,,,,62.1,,,,,
1986-09-01,,,,,,,,,,55.2,,,,,,,,,,,,,,,62.1,,,,,
1986-10-01,,,,,,,,,,55.5,,,,,,,,,,,,,,,61.2,,,,,
1986-11-01,,,,,,,,,,55.5,,,,,,,,,,,,,,,61.1,,,,,
1986-12-01,,,,,,,,,,55.4,,,,,,,,,,,,,,,61.0,,,,,
1987-01-01,,,,,,,,,,55.7,,,,,,,,,,,,,,,61.0,,,,,
1987-02-01,,,,,,,,,,55.5,,,,,,,,,,,,,,,60.8,,,,,
1987-03-01,,,,,,,,,,55.5,,,,,,,,,,,,,,,60.8,,,,,
1987-04-01,,,,,,,,,,55.9,,,,,,,,,,,,,,,60.6,,,,,
1987-05-01,,,,,,,,,,56.4,,,,,,,,,,,,,,,60.7,,,,,
1987-06-01,,,,,,,,,,56.5,,,,,,,,,,,,,,,60.8,,,,,
1987-07-01,,,,,,,,,,56.8,,,,,,,,,,,,,,,61.0,,,,,
1987-08-01,,,,,,,,,,57.1,,,,,,,,,,,,,,,61.0,,,,,
1987-09-01,,,,,,,,,,57.1,,,,,,,,,,,,,,,61.0,,,,,
1987-10-01,,,,,,,,,,57.3,,,,,,,,,,,,,,,61.1,,,,,
1987-11-01,,,,,,,,,,57.7,,,,,,,,,,,,,,,61.1,,,,,
1987-12-01,,,,,,,,,,57.8,,,,,,,,,,,,,,,61.1,,,,,
1988-01-01,,,,,,,,,,58.3,,,,,,,,,,,,,,,61.1,,,,,
1988-02-01,,,,,,,,,,58.1,,,,,,,,,,,,,,,61.1,,,,,
1988-03-01,,,,,,,,,,58.3,,,,,,,,,,,,,,,61.1,,,,,
1988-04-01,,,,,,,,,,58.5,,,,,,,,,,,,,,,61.3,,,,,
1988-05-01,,,,,,,,,,58.8,,,,,,,,,,,,,,,61.5,,,,,
1988-06-01,,,,,,,,,,59.0,,,,,,,,,,,,,,,61.7,,,,,
1988-07-01,,,,,,,,,,59.3,,,,,,,,,,,,,,,61.7,,,,,
1988-08-01,,,,,,,,,,59.5,,,,,,,,,,,,,,,61.8,,,,,
1988-09-01,,,,,,,,,,59.5,,,,,,,,,,,,,,,61.8,,,,,
1988-10-01,,,,,,,,,,59.5,,,,,,,,,,,,,,,61.8,,,,,
1988-11-01,,,,,,,,,,59.9,,,,,,,,,,,,,,,62.0,,,,,
1988-12-01,,,,,,,,,,59.9,,,,,,,,,,,,,,,62.2,,,,,
1989-01-01,,,,,,,,,,60.3,,,,,,,,,,,,,,,62.8,,,,,
1989-02-01,,,,,,,,,,60.3,,,,,,,,,,,,,,,63.0,,,,,
1989-03-01,,,,,,,,,,60.5,,,,,,,,,,,,,,,63.2,,,,,
1989-04-01,,,,,,,,,,60.4,,,,,,,,,,,,,,,63.5,,,,,
1989-05-01,,,,,,,,,,60.4,,,,,,,,,,,,,,,63.5,,,,,
1989-06-01,,,,,,,,,,60.5,,,,,,,,,,,,,,,63.5,,,,,
1989-07-01,,,,,,,,,,60.4,,,,,,,,,,,,,,,63.5,,,,,
1989-08-01,,,,,,,,,,60.3,,,,,,,,,,,,,,,63.6,,,,,
1989-09-01,,,,,,,,,,60.2,,,,,,,,,,,,,,,63.7,,,,,
1989-10-01,,,,,,,,,,60.1,,,,,,,,,,,,,,,64.0,,,,,
1989-11-01,,,,,,,,,,59.9,,,,,,,,,,,,,,,63.9,,,,,
1989-12-01,,,,,,,,,,59.8,,,,,,,,,,,,,,,63.9,,,,,
1990-01-01,,,,,,,,,,59.8,,,,,,,25.5,,,,,,,,64.0,,,,,
1990-02-01,,,,,,,,,,60.3,,,,,,,25.5,,,,,,,,64.0,,,,,
1990-03-01,,,,,,,,,,60.2,,,,,,,25.5,,,,,,,,64.1,,,,,
1990-04-01,,,,,,,,,,60.1,,,,,,,25.5,,,,,,,,64.5,,,,,
1990-05-01,,,,,,,,,,60.4,,,,,,,25.5,,,,,,,,64.6,,,,,
1990-06-01,,,,,,,,,,60.3,,,,,,,25.5,,,,,,,,64.6,,,,,
1990-07-01,,,,,,,,,,60.1,,,,,,,25.5,,,,,,,,64.5,,,,,
1990-08-01,,,,,,,,,,60.2,,,,,,,25.5,,,,,,,,64.8,,,,,
1990-09-01,,,,,,,,,,60.7,,,,,,,25.5,,,,,,,,65.2,,,,,
1990-10-01,,,,,,,,,,60.9,,,,,,,25.5,,,,,,,,65.4,,,,,
1990-11-01,,,,,,,,,,61.1,,,,,,,27.6,,,,,,,,65.3,,,,,
1990-12-01,,,,,,,,,,61.2,,,,,,,29.6,,,,,,,,65.0,,,,,
1991-01-01,,,,,,,,,,61.2,,,,,,,35.5,,,,,,,,65.5,,,,,
1991-02-01,,,,,,,,,,60.9,,,,,,,43.0,,,,,,,,65.5,,,,,
1991-03-01,,,,,,,,,,60.4,,,,,,,43.5,,,,,,,,65.4,,,,,
1991-04-01,,,,,,,,,,60.1,,,,,,,44.8,,,,,,,,66.0,,,,,
1991-05-01,,,,,,,,,,59.8,,,,,,,45.3,,,,,,,,66.1,,,,,
1991-06-01,,,,,,,,,,59.8,,,,,,,45.0,,,,,,,,66.1,,,,,
1991-07-01,,,,,,,,,,59.6,,,,,,,44.8,,,,,,,,66.6,,,,,
1991-08-01,,,,,,,,,,59.3,,,,,,,45.0,,,,,,,,66.5,,,,,
1991-09-01,,,,,,,,,,59.2,,,,,,,45.0,,,,,,,,66.8,,,,,
1991-10-01,,,,,,,,,,59.2,,,,,,,44.9,,,,,,,,66.8,,,,,
1991-11-01,,,,,,,,,,59.2,,,,,,,45.4,,,,,,,,66.8,,,,,
1991-12-01,,,,,,,,,,59.1,,,,,,,45.6,,,,,,,,66.6,,,,,
1992-01-01,,,,,,,,,,58.8,,,,,,,45.8,,,,,,,,66.6,,,,,
1992-02-01,,,,,,,,,,59.4,,,,,,,46.7,,,,,,,,66.8,,,,,
1992-03-01,,,,,,,,,,59.5,,,,,,,46.7,,,,,,,,67.0,,,,,
1992-04-01,,,,,,,,,,59.4,,,,,,,47.2,,,,,,,,67.2,,,,,
1992-05-01,,,,,,,,,,59.8,,,,,,,47.5,,,,,,,,67.4,,,,,
1992-06-01,,,,,,,,,,60.0,,,,,,,47.9,,,,,,,,67.5,,,,,
1992-07-01,,,,,,,,,,60.1,,,,,,,48.2,,,,,,,,67.4,,,,,
1992-08-01,,,,,,,,,,60.2,,,,,,,48.2,,,,,,,,67.3,,,,,
1992-09-01,,,,,,,,,,60.5,,,,,,,48.5,,,,,,,,67.3,,,,,
1992-10-01,,,,,,,,,,60.9,,,,,,,48.8,,,,,,,,67.1,,,,,
1992-11-01,,,,,,,,,,61.2,,,,,,,49.1,,,,,,,,67.1,,,,,
1992-12-01,,,,,,,,,,61.3,,,,,,,49.4,,,,,,,,67.0,,,,,
1993-01-01,,,,,,,,,,61.9,,,,,,,50.1,,,,,,,,67.2,,,,,
1993-02-01,,,,,,,,,,61.9,,,,,,,51.0,,,,,,,,67.1,,,,,
1993-03-01,,,,,,,,,,62.1,,,,,,,51.3,,,,,,,,67.1,,,,,
1993-04-01,,,,,,,,,,62.0,,,,,,,51.5,,,,,,,,67.3,,,,,
1993-05-01,,,,,,,,,,61.9,,,,,,,51.8,,,,,,,,67.2,,,,,
1993-06-01,,,,,,,,,,61.7,,,,,,,51.9,,,,,,,,67.1,,,,,
1993-07-01,,,,,,,,,,61.8,,,,,,,52.6,,,,,,,,67.2,,,,,
1993-08-01,,,,,,,,,,62.3,,,,,,,52.6,,,,,,,,67.1,,,,,
1993-09-01,,,,,,,,,,62.4,,,,,,,52.8,,,,,,,,67.1,,,,,
1993-10-01,,,,,,,,,,62.8,,,,,,,53.2,,,,,,,,67.0,,,,,
1993-11-01,,,,,,,,,,63.0,,,,,,,53.2,,,,,,,,67.0,,,,,
1993-12-01,,,,,,,,,,63.4,,,,,,,53.1,,,,,,,,66.9,,,,,
1994-01-01,,,,,,,,,,63.6,,,,,,,53.7,,,,,,,,67.2,,,,,
1994-02-01,,,,,,,,,,64.3,,,,,,,54.2,,,,,,,,67.3,,,,,
1994-03-01,,,,,,,,,,64.6,,,,,,,54.3,,,,,,,,67.4,,,,,
1994-04-01,,,,,,,,,,64.9,,,,,,,54.6,,,,,,,,67.4,,,,,
1994-05-01,,,,,,,,,,65.3,,,,,,,54.7,,,,,,,,67.5,,,,,
1994-06-01,,,,,,,,,,66.0,,,,,,,55.1,,,,,,,,67.5,,,,,
1994-07-01,,,,,,,,,,66.3,,,,,,,55.3,,,,,,,,67.5,,,,,
1994-08-01,,,,,,,,,,67.0,,,,,,,55.4,,,,,,,,67.5,,,,,
1994-09-01,,,,,,,,,,66.7,,,,,,,55.4,,,,,,,,67.5,,,,,
1994-10-01,,,,,,,,,,67.2,,,,,,,55.6,,,,,,,,67.5,,,,,
1994-11-01,,,,,,,,,,68.0,,,,,,,55.7,,,,,,,,67.9,,,,,
1994-12-01,,,,,,,,,,68.6,,,,,,,56.0,,,,,,,,68.0,,,,,
1995-01-01,,,,,,,,,,70.2,,,,,,,57.2,,,,,,64.9,71.6,68.3,,,,,
1995-02-01,,,,,,,,,,70.4,,,,,,,58.0,,,,,,65.0,71.8,68.5,,,,,
1995-03-01,,,,,,,,,,70.8,,,,,,,58.4,,,,,,64.9,71.9,68.6,,,,,
1995-04-01,,,,,,,,,,70.5,,,,,,,58.6,,,,,,65.2,71.9,68.8,,,,,
1995-05-01,,,,,,,,,,70.5,,,,,,,58.9,,,,,,65.2,72.1,68.8,,,,,
1995-06-01,,,,,,,,,,71.0,,,,,,,59.0,,,,,,65.2,72.1,68.8,,,,,
1995-07-01,,,,,,,,,,71.3,,,,,,,59.3,,,,,,65.2,72.3,68.7,,,,,
1995-08-01,,,,,,,,,,71.2,,,,,,,59.5,,,,,,65.4,72.4,68.8,,,,,
1995-09-01,,,,,,,,,,71.5,,,,,,,59.9,,,,,,65.4,72.4,68.9,,,,,
1995-10-01,,,,,,,,,,71.2,,,,,,,60.1,,,,,,65.4,72.3,68.8,,,,,
1995-11-01,,,,,,,,,,71.3,,,,,,,60.2,,,,,,65.2,72.3,68.7,,,,,
1995-12-01,,,,,,,,,,71.5,,,,,,,60.1,,,,,,65.2,72.2,68.7,,,,,
1996-01-01,,,,,,,,,,71.4,,,,,,,61.0,,,,,,65.4,72.2,67.7,,,,,
1996-02-01,,,,,,,,,,71.4,,,,,,,61.5,,,,,,65.4,72.3,67.7,,,,,
1996-03-01,,,,,,,,,,70.9,,,,,,,61.5,,,,,,64.9,72.2,67.6,,,,,
1996-04-01,,,,,,,,,,70.8,,,,,,,61.7,,,,,,64.7,72.0,67.7,,,,,
1996-05-01,,,,,,,,,,71.5,,,,,,,61.9,,,,,,64.8,71.9,67.7,,,,,
1996-06-01,,,,,,,,,,71.0,,,,,,,61.9,,,,,,64.6,71.8,67.6,,,,,
1996-07-01,,,,,,,,,,71.0,,,,,,,62.0,,,,,,64.5,71.8,67.6,,,,,
1996-08-01,,,,,,,,,,71.5,,,,,,,62.1,,,,,,64.0,71.8,67.6,,,,,
1996-09-01,,,,,,,,,,71.6,,,,,,,62.3,,,,,,64.1,71.7,67.8,,,,,
1996-10-01,,,,,,,,,,71.3,,,,,,,62.7,,,,,,64.3,71.6,68.0,,,,,
1996-11-01,,,,,,,,,,71.2,,,,,,,62.8,,,,,,64.2,71.5,68.0,,,,,
1996-12-01,,,,,,,,,,71.5,,,,,,,62.8,,,,,,64.3,71.4,68.0,,,,,
1997-01-01,,,,,,,,,,71.4,,,,,,,63.7,,,,,,64.3,71.5,68.2,,,,,270.0
1997-02-01,,,,,,,,,,71.4,,,,,,,64.1,,,,,,64.5,71.5,68.2,,,,,268.0
1997-03-01,,,,,,,,,,71.5,,,,,,,64.2,,,,,,64.6,71.4,68.2,,,,,266.0
1997-04-01,,,,,,,,,,72.1,,,,,,,64.3,,,,,,64.7,71.5,68.4,,,,,265.0
1997-05-01,,,,,,,,,,72.0,,,,,,,64.4,,,,,,64.9,71.6,68.6,,,,,265.0
1997-06-01,,,,,,,,,,71.7,,,,,,,64.7,,,,,,64.9,71.5,68.6,,,,,264.0
1997-07-01,,,,,,,,,,71.5,,,,,,,65.2,,,,,,65.2,71.6,68.8,,,,,266.0
1997-08-01,,,,,,,,,,72.0,,,,,,,65.7,,,,,,65.4,71.7,68.9,,,,,273.0
1997-09-01,,,,,,,,,,71.8,,,,,,,65.9,,,,,,65.4,71.7,68.9,,,,,286.0
1997-10-01,,,,,,,,,,71.7,,,,,,,66.2,,,,,,65.5,71.7,68.9,,,,,307.0
1997-11-01,,,,,,,,,,72.1,,,,,,,66.3,,,,,,65.4,71.7,68.9,,,,,309.0
1997-12-01,,,,,,,,,,72.0,,,,,,,66.4,,,,,,65.4,71.5,68.9,,,,,341.0
1998-01-01,,,,,,,,,,72.0,,,,,,,67.6,,,,,,65.2,71.5,68.8,,,,,452.0
1998-02-01,,,,,,,,,,71.9,,,,,,,68.3,,,,,,64.5,71.5,68.8,,,,,487.0
1998-03-01,,,,,,,,,,71.0,,,,,,,68.3,,,,,,64.5,71.4,68.7,,,,,505.0
1998-04-01,,,,,,,,,,71.7,,,,,,,68.3,,,,,,64.5,71.5,68.7,,,,,495.0
1998-05-01,,,,,,,,,,71.7,,,,,,,68.4,,,,,,64.7,71.4,68.7,,,,,546.0
1998-06-01,,,,,,,,,,71.8,,,,,,,68.3,,,,,,64.5,71.2,68.6,,,,,611.0
1998-07-01,,,71.3,,,,,,,72.1,,,,,,,68.7,,,,,,64.5,71.2,68.4,,,,,660.0
1998-08-01,,,,,,,,,,72.5,,,,,,,68.4,,,,,,64.2,71.1,68.3,,,,,641.0
1998-09-01,,,,,,,,,,72.1,,,,,,,68.4,,,,,,64.2,70.9,68.2,,,,,642.0
1998-10-01,,,70.9,,,,,,,72.7,,,,,,,68.4,,,,,,63.9,70.8,67.9,,,,,610.0
1998-11-01,,,,,,,,,,72.7,,,,,,,68.3,,,,,,63.2,70.8,67.5,,,,,593.0
1998-12-01,,,,,,,,,,72.1,,,,,,,67.9,,,,,,63.0,70.6,67.5,,,,,579.0
1999-01-01,,,70.7,,,,,,,72.1,,,,,,,68.2,,,,,,62.9,70.6,67.1,,,,,308.0
1999-02-01,,,,,,,,,,71.7,,,,,,,68.3,,,,,,62.8,70.5,67.1,,,,,314.0
1999-03-01,,,,,,,,,,72.5,,,,,,,68.3,,,,,,62.9,70.7,67.1,,,,,317.0
1999-04-01,,,70.9,,,,,,,72.5,,,,,,,68.5,,,,,,63.1,70.9,67.5,,,,,318.0
1999-05-01,,,,,,,,,,72.6,,,,,,,68.7,,,,,,63.2,70.8,67.5,,,,,314.0
1999-06-01,,,,,,,,,,72.7,,,,,,,68.7,,,,,,63.4,70.9,67.5,,,,,309.0
1999-07-01,,,71.5,,,,,,,73.8,,,,,,,68.9,,,,,,63.6,71.2,67.7,,,,,301.0
1999-08-01,,,,,,,,,,73.9,,,,,,,69.3,,,,,,63.8,71.4,67.8,,,,,311.0
1999-09-01,,,,,,,,,,74.3,,,,,,,69.2,,,,,,63.9,71.6,67.9,,,,,324.0
1999-10-01,,,72.1,,,,,,,74.3,,,,,,,69.7,,,,,,64.1,71.9,68.0,,,,,317.0
1999-11-01,,,,,,,,,,74.4,,,,,,,69.9,,,,,,64.3,72.2,68.1,,,,,311.0
1999-12-01,,,,,,,,,,74.8,,,,,,,70.1,,,,,,64.7,72.4,68.2,,,,,319.0
2000-01-01,,,73.1,74.7,,,53.5,,41.0,74.8,,,,,63.8,59.3,71.0,47.5,,,,74.1,64.9,72.8,68.3,58.0,,35.4,,325.0
2000-02-01,,,,75.0,,,53.9,,41.4,75.5,,,,,64.2,59.5,71.2,48.2,,,,74.4,65.6,73.1,68.4,58.5,,35.7,,329.0
2000-03-01,,,,75.2,,,54.0,,42.2,76.1,,,,,64.6,59.9,71.7,48.1,,,,74.8,66.2,73.4,68.5,59.0,,36.1,,332.0
2000-04-01,,,74.4,75.1,,,54.1,,42.1,76.1,,,,,64.8,60.0,71.3,48.0,,,,74.9,66.1,73.7,68.7,58.9,,36.3,,334.0
2000-05-01,,,,75.5,,,54.1,,42.5,76.4,,,,,64.8,60.8,71.6,48.6,,,,75.4,66.7,74.1,69.0,59.2,,36.6,,346.0
2000-06-01,,,,75.9,,,54.3,,42.7,76.4,,,,,65.0,60.8,72.0,49.2,,,,75.7,67.2,74.3,69.3,59.5,,36.8,,356.0
2000-07-01,,,74.8,75.9,,,54.7,,43.3,76.4,,,,,64.9,61.2,72.2,49.7,,,,76.1,67.1,74.6,69.7,59.7,,37.5,,366.0
2000-08-01,,,,76.2,,,55.2,,43.6,76.4,,,,,65.0,61.7,72.4,50.0,,,,76.3,66.7,74.7,69.8,59.7,,38.0,,358.0
2000-09-01,,,,77.4,,,55.4,,44.9,76.7,,,,,65.5,61.2,72.9,50.9,,,,77.0,67.6,75.3,70.5,60.8,,38.6,,364.0
2000-10-01,,,75.9,77.3,,,55.4,,45.4,77.4,,,,,66.1,61.4,73.8,51.0,,,,77.4,68.0,75.5,70.8,61.5,,39.0,,369.0
2000-11-01,,,,77.2,,,55.3,,45.1,77.9,,,,,68.0,62.4,73.9,51.0,,,,77.6,68.0,75.6,71.1,61.5,,39.9,,378.0
2000-12-01,,,,76.8,,,55.1,,44.5,77.5,,,,,68.2,62.5,73.6,49.7,,,,77.3,67.5,75.3,70.7,61.3,,39.8,,376.0
2001-01-01,,,75.8,76.4,,,54.6,,44.0,77.1,,,,,67.7,62.1,73.9,50.0,,,,77.5,66.9,75.3,71.4,61.1,,40.5,,378.0
2001-02-01,,,,76.3,,,54.7,,44.7,77.5,,,,,67.9,62.6,74.6,50.7,,,,77.7,66.7,75.3,71.6,61.5,,40.9,,383.0
2001-03-01,,,,76.2,,,54.8,,44.7,77.8,,,,,66.9,62.3,74.6,50.7,,,,77.9,66.5,75.5,71.8,61.5,,41.1,,393.0
2001-04-01,,,77.0,76.3,,,54.8,,44.7,78.2,,,,,67.0,62.3,74.2,51.3,,,,78.1,66.9,75.8,72.1,61.9,,41.4,,404.0
2001-05-01,,,,76.4,,,55.1,,45.0,78.5,,,,,66.9,62.3,74.3,51.6,,,,78.2,67.2,76.1,72.2,62.2,,41.5,,414.0
2001-06-01,,,,76.6,,,54.9,,45.1,77.5,,,,,67.0,62.3,74.5,52.1,,,,78.3,67.0,76.0,72.3,62.2,,41.5,,422.0
2001-07-01,,,76.8,76.3,,,54.4,,45.1,76.9,,,,,66.5,62.3,74.4,51.9,,,,78.0,66.7,75.5,71.9,62.2,,41.6,,416.0
2001-08-01,,,,76.0,,,54.2,,44.8,76.9,,,,,66.2,62.3,74.2,51.5,,,,77.9,67.2,75.5,71.8,62.2,,41.6,,397.0
2001-09-01,,,,76.1,,,54.6,,45.1,77.5,,,,,66.5,62.3,74.2,51.4,,,,78.0,66.7,75.4,71.9,62.5,,41.7,,402.0
2001-10-01,,,77.2,75.8,,,53.9,,44.9,76.4,,,,,66.7,62.3,74.6,50.8,,,,77.5,66.3,75.2,71.3,62.2,,41.6,,405.0
2001-11-01,,,,75.5,,,53.5,,44.8,76.3,,,,,66.3,62.3,74.3,50.8,,,,77.2,65.7,74.8,71.1,61.9,,41.4,,411.5
2001-12-01,,,,75.1,,,53.1,,44.2,75.5,,,,,65.8,62.4,74.1,50.8,,,,77.1,65.6,74.7,70.8,62.1,,41.2,,407.7
2002-01-01,,,77.3,74.9,,,53.8,,44.7,76.2,,,,,65.8,62.6,74.3,51.1,,,51.5,77.4,65.8,74.8,71.3,62.4,,41.7,,414.1
2002-02-01,,,,74.5,,,53.7,,45.1,76.6,,,,,66.1,63.0,74.4,50.9,,,51.3,77.4,65.7,74.7,71.3,62.4,,41.8,,414.9
2002-03-01,,,,75.0,,,54.1,,45.5,77.1,,,,,65.3,62.9,74.5,51.8,,,51.4,77.7,66.0,75.0,71.6,63.0,,42.2,,411.3
2002-04-01,,,77.5,75.1,,,54.8,,45.7,77.3,,,,,65.9,62.9,74.0,52.3,,,52.7,77.9,66.3,75.3,71.4,63.4,,42.6,,407.2
2002-05-01,,,,75.3,,,54.9,,45.4,76.8,,,,,66.0,63.5,73.9,52.2,,,52.6,77.9,65.8,75.2,71.4,63.4,,42.6,,415.8
2002-06-01,,,,74.9,,,54.7,,45.3,76.6,,,,,66.2,63.6,73.9,52.7,,,52.6,77.8,65.6,75.0,71.4,63.1,,42.4,,406.4
2002-07-01,,,77.8,74.9,,,54.8,,45.5,76.8,,,,,66.5,64.1,73.4,52.8,,,52.5,77.9,65.6,75.3,71.2,63.3,,42.5,,410.9
2002-08-01,,,,75.0,,,55.0,,45.9,77.4,,,,,66.5,64.4,73.3,52.9,,,52.7,78.0,65.6,75.5,71.1,63.6,,42.7,,410.0
2002-09-01,,,,75.2,,,55.9,,46.2,78.0,,,,,66.8,64.8,73.4,53.0,,,52.5,78.2,65.8,75.7,71.2,64.1,,43.0,,413.2
2002-10-01,,,78.2,75.3,,,56.3,,46.4,78.2,,,,,67.7,64.7,74.0,53.6,,,52.6,78.5,65.8,75.6,71.4,64.2,,43.1,,419.2
2002-11-01,,,,74.9,,,55.7,,46.3,77.9,,,,,67.2,65.4,73.9,52.9,,,52.7,78.2,65.8,75.3,71.2,63.9,,42.7,,420.5
2002-12-01,,,,75.0,,,56.2,,46.7,77.7,,,,,67.2,65.5,73.6,53.0,,,52.8,78.4,65.9,75.6,71.4,64.2,,42.8,,424.4
2003-01-01,,,78.8,75.5,,,55.1,,46.9,78.1,,,,,67.5,65.3,73.6,54.9,,,52.9,79.1,66.3,76.0,72.3,64.6,,43.3,,430.0
2003-02-01,,,,76.0,,,55.6,,47.5,78.8,,,,,67.8,65.8,73.9,55.4,,,52.7,79.5,67.4,76.2,72.6,65.0,,44.1,,433.1
2003-03-01,,,,76.1,,,55.8,,47.9,78.5,,,,,68.4,65.7,74.0,55.2,,,52.6,79.7,66.8,76.5,72.8,64.9,,44.3,,430.5
2003-04-01,,,78.5,75.2,,,55.2,,46.3,77.1,,,,,67.7,66.0,73.4,54.0,,,52.5,79.2,65.6,76.0,72.6,64.4,,44.0,,422.8
2003-05-01,,,,75.1,,,54.7,,45.8,75.4,,,,,67.2,66.5,73.3,54.0,,,52.3,78.9,65.1,75.7,72.5,64.2,,43.8,,414.6
2003-06-01,,,,75.2,,,54.7,,46.4,74.8,,,,,67.2,66.6,73.2,53.8,,,52.4,78.9,65.1,75.7,72.4,64.4,,44.3,,412.9
2003-07-01,,,79.0,74.9,,,54.8,,46.5,75.7,,,,,67.4,67.2,73.0,53.6,,,52.2,78.9,65.3,75.8,72.5,64.6,,44.5,,417.4
2003-08-01,,,,75.0,,,54.9,,46.8,76.1,,,,,67.9,67.3,73.2,54.1,,,52.1,79.2,65.5,76.0,72.5,64.9,,45.2,,418.2
2003-09-01,,,,75.0,,,55.0,,47.0,76.1,,,,,67.6,67.2,73.3,53.2,,,52.0,79.2,65.2,75.8,72.6,65.1,,45.4,,418.3
2003-10-01,,,79.0,75.0,,,55.1,,47.4,75.1,,,,,67.7,67.2,73.8,53.9,,,52.2,79.2,65.2,75.9,72.5,65.3,,45.6,,421.9
2003-11-01,,,,75.2,,,55.1,,47.5,74.8,,,,,67.9,66.5,74.0,54.0,,,52.5,79.4,65.6,76.1,72.5,65.5,,46.1,,423.2
2003-12-01,,,,75.2,,,55.0,,47.9,75.0,,,,,67.9,66.9,74.2,53.6,,,52.7,79.3,65.8,75.9,72.5,65.4,,46.1,,427.0
2004-01-01,,,79.5,75.8,,,55.7,,48.2,75.6,,,,,68.2,66.7,74.7,54.2,,,53.0,79.6,65.8,76.2,72.5,65.4,,47.0,,432.3
2004-02-01,,,,75.6,,,55.6,,47.6,77.3,,,,,67.9,67.2,75.0,54.5,,,53.1,79.7,65.5,76.3,72.5,65.5,,47.3,,433.8
2004-03-01,,,,75.8,,,56.3,,48.2,77.8,,,,,68.1,66.9,75.4,55.2,,,53.3,80.2,65.9,76.7,72.9,66.1,,47.5,,439.7
2004-04-01,,,80.4,75.9,,,57.4,,48.6,78.8,,,,,68.6,67.0,76.0,55.0,,,53.9,80.8,65.7,77.0,73.3,66.9,,47.8,,444.6
2004-05-01,,,,76.5,,,58.4,,49.2,80.4,,,,,70.2,69.0,76.8,55.9,,,54.1,81.3,66.3,77.3,73.6,67.5,,48.3,,460.0
2004-06-01,,,,76.5,,,58.8,,48.9,80.0,,,,,70.0,70.0,77.7,56.4,,,54.5,81.4,65.8,77.3,73.5,67.1,,48.5,,464.0
2004-07-01,,,81.5,76.8,,,59.1,,50.0,79.8,,,,,70.7,71.3,78.3,56.4,,,54.7,81.8,66.0,77.7,73.9,67.5,,48.9,,461.4
2004-08-01,,,,77.4,,,60.0,,50.2,80.2,,,,,71.3,71.3,78.9,56.9,,,54.7,82.2,66.3,78.1,74.2,67.8,,49.1,,469.1
2004-09-01,,,,77.5,,,60.5,,50.7,79.8,,,,,71.4,71.1,79.1,56.8,,,54.7,82.3,66.5,78.1,74.2,68.0,,49.3,,475.5
2004-10-01,,,82.4,78.2,,,61.8,,51.5,79.3,,,,,72.0,71.2,79.9,57.8,,,54.7,83.0,67.1,78.4,75.0,68.7,,49.6,,480.1
2004-11-01,,,,77.8,,,61.7,,51.0,77.8,,,,,71.7,71.3,79.9,57.5,,,54.8,82.8,66.7,78.4,74.6,68.2,,49.5,,472.7
2004-12-01,,,,77.4,,,61.6,,50.5,77.9,,,,,71.1,70.5,79.8,57.7,,,55.1,82.6,66.2,78.2,74.7,67.4,,49.3,,471.0
2005-01-01,,,82.4,79.5,,,61.4,,50.7,78.6,,,,,71.1,69.9,80.0,57.7,,,55.1,83.3,66.3,78.3,75.4,67.9,85.4,49.9,,487.0
2005-02-01,,,,79.8,,,61.4,,51.1,79.6,,,,,71.3,70.2,80.2,58.3,,,55.2,83.5,66.9,78.2,75.6,68.5,,50.5,,491.7
2005-03-01,,,,79.7,,,61.8,,52.2,80.0,,,,,71.5,70.3,80.3,60.1,,,54.7,84.1,67.7,79.0,76.0,69.6,,50.8,,512.3
2005-04-01,,,83.1,79.9,,,61.7,,52.8,80.3,,,,,71.6,70.4,80.4,60.4,,,54.7,84.4,68.2,79.1,76.4,70.3,85.7,51.1,,522.7
2005-05-01,,,,79.2,,,61.6,,52.4,80.2,,,,,71.7,72.0,79.7,60.7,,,54.7,84.3,68.0,79.0,76.5,70.1,,51.1,,514.5
2005-06-01,,,,79.3,,,62.0,,52.6,80.0,,,,,71.5,72.4,79.7,61.1,,,54.9,84.8,68.8,79.6,76.8,70.9,,51.2,,519.5
2005-07-01,,,84.3,79.1,,,62.4,,53.3,79.8,,,,,71.9,74.3,79.7,61.8,,,54.7,85.2,69.5,80.0,77.3,71.3,85.8,51.3,,528.8
2005-08-01,,,,79.0,,,62.4,,53.4,80.1,,,,,72.1,74.6,79.7,62.3,,,55.2,85.5,70.0,80.2,77.5,71.9,,51.7,,535.0
2005-09-01,,,,79.2,,,63.2,,54.1,80.7,,,,,72.5,74.9,79.8,63.2,,,55.3,86.0,70.5,80.5,77.7,73.0,,52.0,,549.5
2005-10-01,,,84.9,79.2,,,63.5,,54.9,80.8,,,,,73.0,74.9,80.3,63.5,,,55.5,86.4,70.6,80.8,78.2,73.5,86.5,52.3,,582.2
2005-11-01,,,,79.3,,,62.9,,55.0,80.2,,,,,73.0,75.0,80.0,63.9,,,55.5,86.2,70.4,80.3,78.2,73.0,,52.7,,579.9
2005-12-01,,,,78.9,,,63.1,,55.3,80.0,,,,,72.7,75.3,79.5,63.0,,,55.7,86.3,70.5,80.6,78.3,73.4,,52.7,,577.5
2006-01-01,,,85.5,79.5,,,64.9,,55.1,80.6,,,,,73.0,75.2,80.4,63.9,,,56.5,87.6,71.2,81.1,79.5,74.7,87.2,53.3,,586.3
2006-02-01,,,,79.7,,,65.1,,55.9,80.2,,,,,73.7,75.5,80.4,65.2,,,56.6,88.0,71.6,81.1,80.0,75.1,,53.6,,589.2
2006-03-01,,,,80.2,,,65.4,,55.8,81.0,,,,,73.8,75.5,80.5,65.9,,,56.8,88.4,72.2,81.7,80.4,75.6,,53.9,,165.12
2006-04-01,,,86.8,80.6,,,65.8,,56.6,82.0,,,,,73.9,75.6,80.8,65.8,,,56.8,89.1,73.3,82.3,81.1,76.6,87.8,54.4,,165.88
2006-05-01,,,,81.1,,,66.0,,58.2,82.2,,,,,74.2,76.6,80.9,65.1,,,56.6,89.4,73.3,82.5,81.2,76.8,,54.7,,171.19
2006-06-01,,,,81.0,,,66.7,,58.3,82.1,,,,,74.1,77.1,81.1,66.4,,,57.0,89.6,73.7,82.7,81.3,76.9,,55.1,,173.2
2006-07-01,,,87.7,81.4,,,66.6,,58.7,83.5,,,,,74.1,78.0,81.6,67.4,,,57.3,90.2,74.6,83.3,81.8,77.5,88.0,55.7,,174.37
2006-08-01,,,,81.6,,,66.1,,58.9,82.9,,,,,74.2,78.0,81.8,69.4,,,57.7,90.4,74.9,83.6,81.9,77.8,,57.5,,175.8
2006-09-01,,,,81.5,,,66.1,,59.2,81.6,,,,,74.1,77.8,81.8,67.8,,,58.3,89.9,73.9,83.0,81.6,76.7,,58.0,,176.45
2006-10-01,,,87.9,81.5,,,65.8,,58.7,81.5,,,,,74.0,77.8,81.7,66.7,,,58.4,89.8,73.7,83.0,81.7,76.2,88.2,57.9,,176.15
2006-11-01,,,,81.9,,,66.0,,58.8,81.6,,,,,74.1,76.7,81.6,65.5,,,58.9,89.7,73.7,82.9,81.6,76.0,,57.6,,175.17
2006-12-01,,,,81.7,,,65.9,,59.1,82.7,,,,,74.1,76.8,81.6,64.9,,,59.1,89.7,73.2,82.7,81.6,76.0,,57.5,,177.72
2007-01-01,,,87.9,82.5,,,66.2,,58.9,82.9,,,,,74.7,76.6,82.5,63.6,,,60.2,90.0,73.0,82.8,81.6,75.7,89.3,57.9,,178.62
2007-02-01,,,,82.4,,,66.4,,58.8,83.7,,,,,74.9,77.3,83.0,64.2,,,60.7,90.3,73.7,83.2,81.7,76.1,,58.3,,181.04
2007-03-01,,,,83.7,,,66.5,,59.5,84.9,,,,,75.3,76.6,83.4,64.0,,,61.3,90.6,74.2,83.6,81.7,77.0,,58.6,,184.78
2007-04-01,,,88.8,83.8,,,66.5,,60.5,85.1,,,,,75.6,77.2,83.8,65.1,,,62.3,91.0,75.4,84.0,81.7,78.5,90.1,58.7,,187.92
2007-05-01,,,,84.0,,,66.6,,61.0,84.8,,,,,76.1,78.3,84.4,65.4,,,62.6,91.5,75.9,84.1,82.1,78.9,,59.0,,191.92
2007-06-01,,,,84.3,,,66.7,,61.6,83.8,,,,,76.4,78.5,84.9,66.7,,,62.7,91.6,76.3,84.1,82.1,79.0,,59.2,,192.92
2007-07-01,,,89.8,84.7,,,66.9,,62.9,83.3,,,,,76.4,80.2,85.1,67.0,,,63.1,91.9,76.5,84.6,82.1,79.5,90.3,59.2,,195.52
2007-08-01,,,,84.7,,,66.9,,63.8,82.5,,,,,77.0,80.5,85.0,67.2,,,63.4,92.1,76.5,84.7,82.2,79.8,,59.5,,197.2
2007-09-01,,,,84.9,,,67.2,,64.2,81.8,,,,,77.4,81.6,85.1,68.2,,,64.3,92.4,77.1,85.1,82.3,80.8,,59.8,,200.26
2007-10-01,,,90.4,85.5,,,67.8,,65.1,80.8,,,,,77.7,82.3,85.4,71.2,,,64.7,93.0,78.0,85.5,82.5,81.7,92.0,60.3,,204.29
2007-11-01,,,,85.7,,,69.2,,66.4,81.3,,,,,78.1,81.9,86.0,72.2,,,65.1,93.9,78.7,86.0,83.2,83.2,,60.8,,211.02
2007-12-01,,,,85.9,,,69.7,,65.7,82.3,,,,,78.5,82.4,85.9,72.2,,,65.6,94.0,78.3,86.5,83.2,83.5,,61.2,,216.6
2008-01-01,,,92.1,86.8,,,71.0,,66.4,83.2,,,,,80.4,84.1,87.5,73.1,,,66.7,94.9,80.0,87.0,83.9,83.9,94.6,64.3,,222.44
2008-02-01,,,,86.9,,,72.1,,66.9,83.2,,,,,80.5,85.1,87.6,72.8,,,67.1,95.5,80.7,87.4,84.3,85.1,,64.5,,223.9
2008-03-01,,,,87.5,,,73.0,,68.8,84.9,,,,,81.0,85.4,87.9,72.8,,,67.0,96.1,81.1,87.9,84.7,86.1,,65.0,,230.95
2008-04-01,,,93.0,87.8,,,73.2,,69.0,86.3,,,,,81.4,85.9,88.0,75.0,,,67.9,96.8,82.1,88.6,85.5,87.3,96.4,65.7,,235.6
2008-05-01,,,,88.2,,,74.0,,69.9,87.2,,,,,82.4,87.3,88.7,77.2,,,68.1,97.9,83.7,89.7,86.2,89.8,,65.9,,244.89
2008-06-01,,,,89.1,,,75.0,,71.4,88.8,,,,,83.4,88.0,89.3,80.8,,,68.5,98.9,85.1,90.2,87.0,91.2,,66.3,,260.1
2008-07-01,,,94.8,89.9,,,75.6,,73.8,89.6,,,,,85.6,90.8,89.4,81.7,,,69.9,100.2,85.6,90.8,88.8,92.8,95.5,67.1,,264.9
2008-08-01,,,,89.3,,,74.9,,74.3,89.8,,,,,85.3,91.3,89.9,80.2,,,70.1,99.8,84.9,90.4,88.4,91.2,,67.3,,261.0
2008-09-01,,,,89.9,,,75.1,,73.5,88.8,,,,,85.2,93.0,89.8,80.7,,,70.1,99.7,85.3,89.9,88.6,90.3,,67.5,,255.5
2008-10-01,,,96.1,89.6,,,74.4,,73.6,88.7,,,,,84.3,93.2,88.8,76.9,,,71.2,98.8,83.9,89.5,88.7,87.3,95.6,68.3,,255.7
2008-11-01,,,,88.4,,,72.8,,71.4,86.1,,,,,83.1,90.5,87.2,72.3,,,71.1,96.9,81.1,88.0,87.2,83.6,,67.4,,254.3
2008-12-01,,,,87.3,,,70.7,,68.8,83.9,,,,,81.8,90.5,85.9,69.6,,,70.9,95.5,78.5,87.2,86.6,80.8,,66.2,,237.57
2009-01-01,,,95.8,87.1,,,69.9,,67.9,83.9,,,,,81.8,87.7,86.8,69.3,,,70.5,94.7,77.8,85.1,85.6,81.1,93.3,66.8,,158.01
2009-02-01,,,,87.1,,,68.7,,67.3,84.3,,,,,81.9,87.6,87.1,70.2,,,70.0,94.4,77.8,84.7,85.1,80.6,,68.4,,161.07
2009-03-01,,,,86.4,,,67.4,,68.0,84.6,,,,,81.0,86.2,86.1,70.5,,,69.0,93.8,77.1,84.5,84.6,80.3,,67.9,,161.45
2009-04-01,,,95.0,85.8,,,67.3,,67.4,84.3,,,,,81.3,85.8,85.7,70.2,,,68.6,93.0,77.1,83.8,83.3,80.5,93.5,67.3,,160.78
2009-05-01,,,,85.9,,,67.6,,67.6,83.3,,,,,81.8,85.5,85.4,70.4,,,68.1,93.0,76.8,83.5,83.3,81.3,,67.1,,160.85
2009-06-01,,,,86.3,,,68.0,,67.8,83.7,,,,,82.7,85.8,85.4,71.7,,,68.0,93.3,77.6,83.8,83.2,83.0,,67.7,,163.05
2009-07-01,,,95.1,86.3,,,67.8,,67.2,83.2,,,,,83.2,87.8,85.1,71.6,,,68.4,92.7,76.9,83.9,82.1,82.5,93.6,66.8,,162.5
2009-08-01,,,,87.2,,,68.4,,67.0,83.6,,,,,83.7,87.7,85.3,71.5,,,68.5,93.1,77.7,84.0,82.4,83.8,,66.7,,164.96
2009-09-01,,,,87.4,,,68.0,,67.7,83.2,,,,,83.2,88.2,84.9,71.6,,,68.8,92.9,77.1,84.0,82.0,83.1,,66.7,,164.34
2009-10-01,,,94.7,87.4,,,68.2,,67.5,82.9,,,,,83.1,88.2,84.7,71.2,,,68.9,93.0,77.6,84.5,82.1,83.9,95.3,66.4,,164.22
2009-11-01,,,,87.5,,,68.7,,67.6,83.6,,,,,83.2,87.8,85.1,72.2,,,68.8,93.2,78.0,84.7,82.1,84.2,,66.7,,165.42
2009-12-01,,,,87.5,,,68.8,,68.3,83.6,,,,,83.2,87.5,85.2,71.8,,,68.7,93.3,78.3,84.7,82.1,84.4,,66.7,,165.84
2010-01-01,,,95.6,88.0,,,69.4,,69.1,84.1,,,,,84.3,88.2,85.5,74.6,,,68.7,94.0,80.5,85.1,82.6,85.3,97.0,67.9,,167.35
2010-02-01,,,,88.3,,,70.0,,69.0,84.1,,,,,84.2,88.1,85.3,75.3,,,68.9,94.2,81.8,85.2,82.5,85.5,,68.4,,167.41
2010-03-01,,,,88.7,,,70.7,,69.9,84.1,,,,,84.9,88.4,85.4,74.4,,,68.6,94.6,81.5,85.5,82.9,86.7,,68.7,,167.78
2010-04-01,,,95.9,89.5,,,71.2,,71.2,84.5,,,,,85.5,88.9,86.0,74.9,,,68.8,95.3,81.8,86.0,83.5,87.8,99.0,70.8,,168.91
2010-05-01,,,,90.2,,,71.7,,71.5,84.8,,,,,85.8,90.7,86.6,75.1,,,69.4,95.8,82.2,86.0,83.9,87.3,,73.2,,169.61
2010-06-01,,,,90.6,,,71.9,,71.5,84.2,,,,,86.3,91.0,87.1,74.7,,,69.6,96.2,82.7,86.2,84.6,88.0,,73.9,,169.95
2010-07-01,,,97.2,91.0,,,72.0,,73.2,84.1,,,,,86.2,92.3,87.1,75.3,,,69.8,96.4,83.3,86.5,84.8,87.0,99.6,73.5,,170.2
2010-08-01,,,,90.8,,,72.4,,73.7,84.4,,,,,86.5,92.4,86.7,75.4,,,70.7,96.5,83.2,86.6,84.7,87.2,,73.7,,171.09
2010-09-01,,,,91.2,,,73.0,,74.3,85.1,,,,,86.8,92.3,87.0,75.8,,,71.1,96.9,84.0,87.0,84.9,87.5,,73.2,,171.89
2010-10-01,,,97.3,91.4,,,73.1,,74.3,85.8,,,,,87.1,92.5,87.0,76.3,,,71.4,97.0,84.2,87.5,85.3,87.6,102.6,73.0,,172.84
2010-11-01,,,,91.6,,,73.3,,75.2,86.6,,,,,87.0,91.6,87.3,76.4,,,71.9,97.4,84.1,87.9,85.4,88.8,,73.9,,173.95
2010-12-01,,,,92.3,,,74.2,,76.4,87.4,,,,,87.9,91.6,88.2,78.6,,,71.8,98.2,85.9,88.3,86.0,90.2,,74.0,,176.06
2011-01-01,,,98.4,92.9,,,75.7,,76.8,88.0,,,,,88.5,91.7,89.4,78.2,,,71.9,99.3,86.1,89.0,86.8,91.0,105.0,74.4,,178.45
2011-02-01,,,,93.3,,,77.1,,77.6,89.0,,,,,90.0,91.7,90.0,79.7,,,71.9,100.0,87.1,89.7,87.3,92.3,,74.7,,180.12
2011-03-01,,,,94.3,,,77.9,,78.4,90.5,,,,,90.7,92.7,90.8,81.3,,,72.1,100.8,87.9,90.3,87.8,93.7,,74.7,,181.1
2011-04-01,,,99.2,94.8,,,78.8,,78.8,91.4,,,,,91.2,93.4,91.4,82.3,,,72.9,101.7,88.0,91.2,88.6,94.8,107.9,75.3,,182.12
2011-05-01,,,,94.9,,,78.6,,78.7,91.0,,,,,91.7,95.0,92.0,83.2,,,73.5,101.6,88.1,91.0,88.6,93.5,,75.5,,182.29
2011-06-01,,,,94.9,,,78.4,,78.8,91.0,,,,,91.4,95.5,91.8,82.6,,,73.6,101.6,87.9,90.9,88.8,93.6,,75.1,,182.27
2011-07-01,,,99.8,94.7,,,78.1,,79.4,91.0,,,,,91.4,98.1,91.7,81.9,,,73.7,102.1,88.0,91.5,89.2,94.6,109.1,75.9,,183.53
2011-08-01,,,,94.6,,,77.6,,78.5,91.7,,,,,92.2,98.1,91.6,82.1,,,73.7,102.0,88.5,91.5,89.0,93.8,,76.2,,184.45
2011-09-01,,,,95.1,,,78.0,,79.2,92.1,,,,,92.2,98.9,91.8,82.3,,,73.9,102.3,88.1,91.7,89.2,94.5,,77.5,,185.57
2011-10-01,,,100.1,95.1,,,77.7,,79.1,91.5,,,,,92.6,98.8,91.8,81.7,,,73.9,102.4,88.0,92.1,89.4,94.5,109.3,78.5,,185.88
2011-11-01,,,,95.4,,,77.5,,79.6,91.8,,,,,93.1,99.1,92.1,81.5,,,74.1,102.7,87.9,92.5,89.4,95.2,,79.6,,186.68
2011-12-01,,,,95.1,,,77.6,,79.6,90.9,,,,,92.9,99.0,92.2,80.5,,,74.2,102.5,87.4,92.3,88.9,95.3,,79.4,,187.31
2012-01-01,,,99.8,94.8,,,78.4,,80.8,91.4,,,,,93.7,100.8,93.1,80.7,,,74.8,103.2,88.4,92.7,89.4,98.1,108.8,80.1,,188.69
2012-02-01,,,,95.7,,,79.9,,81.2,92.1,,,,,95.7,100.7,93.2,83.6,,,75.1,103.8,89.9,93.2,89.7,98.7,,80.3,,190.44
2012-03-01,,,,95.7,,,80.1,,81.9,92.6,,,,,96.3,101.8,93.5,83.8,,,75.3,104.3,90.0,93.6,90.2,99.9,,80.2,,192.27
2012-04-01,,,100.3,95.8,,,80.3,,82.8,92.7,,,,,96.8,102.3,93.5,84.7,,,75.5,104.5,89.9,93.7,90.4,99.7,107.2,80.6,104.7,192.71
2012-05-01,,,,95.4,,,80.6,,82.0,92.0,,,,,98.3,104.6,93.5,83.6,,,75.9,104.2,89.7,93.1,90.2,98.3,,81.1,105.3,192.07
2012-06-01,,,,95.1,,,80.5,,81.4,91.5,,,,,97.8,105.1,93.1,82.4,,,75.7,103.8,88.9,92.6,89.7,96.5,,80.2,105.3,190.71
2012-07-01,,,100.9,94.9,,,80.2,,82.9,91.1,,,,,97.8,104.8,92.9,81.2,,,75.7,104.0,88.9,93.1,89.8,98.5,107.6,80.5,106.2,191.44
2012-08-01,,,,95.5,,,80.2,,84.1,91.2,,,,,99.3,105.3,93.4,83.6,,,76.1,104.9,90.4,94.0,90.2,100.1,,80.5,106.9,194.65
2012-09-01,,,,95.9,,,80.4,,84.4,92.2,,,,,100.4,105.4,93.4,84.5,,,76.2,105.1,90.6,94.3,90.4,99.4,,80.7,107.6,195.19
2012-10-01,,,101.1,96.0,,,81.1,,84.5,92.0,,,,,100.5,105.7,93.5,84.5,,,76.3,105.0,90.3,94.7,90.5,98.5,108.2,80.6,107.4,195.03
2012-11-01,,,,95.8,,,81.6,,84.7,91.7,,,,,99.3,104.5,93.6,85.0,,,76.4,104.8,89.9,94.6,90.5,97.6,,80.1,107.3,194.4
2012-12-01,,,,95.2,,,82.6,,83.6,91.4,,,,,99.3,104.0,93.4,84.3,,,76.2,104.6,90.0,94.1,90.3,97.4,,80.0,107.1,194.66
2013-01-01,,,101.4,95.3,,,82.6,,82.9,91.8,,,,,98.9,103.3,94.4,84.6,,,82.3,105.0,90.3,94.7,90.8,98.0,109.4,79.9,108.0,197.08
2013-02-01,,,,95.3,,,82.6,,83.3,93.1,,,,,99.2,103.6,94.4,85.3,,,82.3,105.1,90.9,95.2,90.6,99.7,,80.8,108.4,198.88
2013-03-01,,,,95.0,,,82.5,,82.4,92.9,,,,,99.3,103.0,94.4,85.4,,,83.9,104.8,91.2,95.3,90.4,98.6,,80.8,108.6,198.79
2013-04-01,,,101.5,94.7,,,81.5,,81.6,91.9,,,,,99.1,102.9,93.9,85.6,,,84.0,104.2,90.6,94.0,90.4,97.4,104.7,80.1,108.6,197.48
2013-05-01,,,,94.3,,,81.2,,81.5,91.8,,,,,98.4,102.2,93.7,85.0,,,81.0,103.9,90.4,92.9,90.0,97.4,,79.9,108.6,197.37
2013-06-01,,,,93.9,,,81.1,,81.4,92.0,,,,,98.7,102.0,93.8,85.5,,,86.5,103.9,90.4,92.7,90.0,97.4,,80.0,110.1,198.7
2013-07-01,,,102.8,94.1,,,81.4,,81.4,92.1,,,,,98.4,101.7,93.9,85.3,,,82.1,104.1,90.4,93.4,89.9,98.2,102.0,80.3,111.2,202.47
2013-08-01,,,,94.2,,,80.3,,81.6,92.5,,,,,98.7,101.6,93.9,86.2,,,83.5,104.1,90.8,93.4,89.8,98.3,,80.8,112.9,206.65
2013-09-01,,,,94.7,,,79.7,,81.4,92.2,,,,,98.7,100.5,93.9,86.6,,,84.4,104.2,90.8,93.7,90.1,98.0,,80.5,114.3,210.09
2013-10-01,,,103.0,94.2,,,79.3,,81.3,91.8,,,,,97.4,100.5,93.5,85.6,,,84.6,103.7,90.5,93.5,89.9,97.2,102.3,79.6,114.6,119.53
2013-11-01,,,,94.2,,,79.3,,81.3,91.9,,,,,96.7,98.8,94.2,84.6,,,83.0,103.7,90.1,94.1,89.8,97.2,,78.6,114.3,126.87
2013-12-01,,,,94.1,,,79.6,77.07,81.2,92.6,,,,,96.7,98.5,94.9,84.4,,,81.6,103.9,90.0,94.3,89.9,97.4,,78.9,113.4,122.08
2014-01-01,104.0,,103.9,93.9,,,79.4,78.23,81.2,94.0,98.55,,,,96.7,97.9,93.8,84.3,,,82.6,103.6,90.2,93.8,89.8,97.6,102.6,78.9,113.6,130.44
2014-02-01,104.2,,,93.6,,,79.1,78.48,81.2,95.1,99.68,,,,96.4,98.0,93.8,84.6,,,81.0,103.4,90.3,93.7,89.7,96.3,,79.2,113.6,130.43
2014-03-01,104.0,,,93.3,,,78.6,78.38,81.1,95.6,97.68,,,,96.2,98.0,93.6,83.9,,,80.4,103.1,89.6,93.5,89.6,96.9,,78.7,114.3,130.52
2014-04-01,102.8,,103.8,93.3,,,77.4,77.62,80.9,95.4,97.02,,,,96.1,98.0,93.6,84.1,,,80.1,102.9,89.6,92.8,89.5,98.2,104.3,78.6,114.1,130.96
2014-05-01,103.4,,,93.1,,,77.3,77.51,81.0,94.8,98.6,,,,96.1,98.6,93.6,84.9,,,81.4,102.9,89.6,92.4,89.3,98.5,,77.9,114.8,131.7
2014-06-01,104.2,,,93.2,,,77.5,77.28,81.0,94.9,98.15,,,,96.0,98.4,93.6,84.6,,,80.8,103.0,89.9,92.5,89.3,98.8,,78.2,115.2,132.81
2014-07-01,103.6,,104.0,93.1,,,76.8,76.84,80.9,94.7,100.61,,,,96.1,99.5,93.9,84.0,,,82.2,102.8,90.0,92.2,89.2,98.2,103.3,78.3,116.7,133.48
2014-08-01,103.5,,,92.9,,,76.5,77.17,80.8,94.9,102.36,,,,95.5,99.7,93.9,83.4,,,81.8,102.6,90.0,91.8,89.1,98.1,,78.5,117.2,133.19
2014-09-01,103.1,,,93.1,,,76.6,77.93,80.9,94.6,102.92,,,,95.6,99.0,93.6,83.7,,,82.7,102.7,90.1,92.4,89.1,98.1,,78.7,116.4,128.87
2014-10-01,102.2,,104.1,92.9,,,77.0,78.24,82.0,94.0,101.52,,,,95.3,99.0,93.2,81.8,,,81.5,102.4,89.7,92.5,88.9,96.7,101.1,78.2,115.6,133.44
2014-11-01,101.7,,,92.8,,,76.3,78.98,81.5,93.7,101.42,,,,94.6,97.2,92.7,81.1,,,80.5,102.1,89.3,92.5,88.9,95.3,,77.6,114.1,133.67
2014-12-01,101.1,,,92.2,,,74.2,79.12,80.5,92.2,101.47,,,,93.5,97.3,91.4,79.9,,,80.8,101.1,88.3,91.6,88.5,92.2,,77.0,112.1,135.16
2015-01-01,99.9,,104.6,91.5,,,72.8,78.81,79.7,92.0,97.87,,,,91.3,96.4,90.5,78.4,,,79.8,100.0,87.2,90.7,87.9,90.1,102.0,75.5,110.8,133.9
2015-02-01,101.1,,,91.9,,,73.7,79.37,80.3,93.8,97.67,,,,92.5,96.2,90.4,79.7,,,79.7,100.5,88.1,91.6,88.0,93.2,,75.4,109.6,133.69
2015-03-01,100.5,,,91.8,,,75.0,80.85,80.8,94.0,99.81,,,,93.7,92.5,90.9,79.2,,,80.0,100.8,88.2,91.7,88.2,94.0,,76.0,109.9,134.69
2015-04-01,100.6,,104.9,91.7,,,74.8,81.03,80.4,93.2,99.06,,,,93.1,92.1,91.2,79.4,,,80.1,100.7,88.3,91.4,88.2,93.9,101.4,75.8,110.2,135.34
2015-05-01,101.2,,,91.6,,,75.4,81.03,80.7,93.7,100.57,,,,93.7,92.5,91.6,79.2,,,79.4,100.8,87.9,91.0,88.2,94.5,,77.0,111.4,137.74
2015-06-01,101.0,,,91.5,,,75.1,81.41,80.8,94.2,99.43,,,,93.3,92.3,91.4,78.5,,,79.8,100.8,87.7,91.1,88.1,94.2,,77.3,111.8,138.54
2015-07-01,99.1,,105.8,91.4,190.24,,74.4,81.99,80.4,94.9,98.36,,,,92.8,93.2,91.0,76.4,,,78.6,100.5,88.0,91.0,88.1,92.9,98.8,76.9,111.1,139.01
2015-08-01,98.8,,,91.0,191.01,,73.5,82.78,79.3,94.5,98.93,,,,91.5,93.3,90.3,77.7,,,79.1,99.8,87.5,90.0,87.7,89.9,,75.9,110.0,140.88
2015-09-01,99.7,,,90.8,191.97,,73.9,85.26,79.2,94.1,100.26,,,,91.1,92.4,89.7,77.4,,,78.4,99.4,87.0,90.0,87.5,89.4,,75.8,109.9,140.52
2015-10-01,98.9,,106.1,90.4,194.87,,73.7,86.76,78.8,93.7,99.56,,,,91.1,92.3,89.5,77.7,,,78.8,99.2,86.9,90.1,87.2,88.9,97.8,75.3,110.1,140.05
2015-11-01,98.7,,,90.2,191.78,,73.4,86.4,78.4,93.4,97.83,,,,90.5,90.0,89.2,77.0,,,77.9,99.0,86.7,90.2,87.0,89.0,,75.2,109.9,141.39
2015-12-01,100.4,100.0,,89.7,191.98,,72.0,86.09,77.9,93.2,95.92,,,,89.6,89.9,88.8,75.3,,,76.4,98.3,85.9,89.2,86.7,87.0,,74.9,109.4,143.34
2016-01-01,99.7,109.1,105.9,88.9,193.62,,70.0,86.68,77.4,93.6,96.13,90.71,,,88.7,88.3,87.3,76.6,,,79.8,97.3,86.0,88.2,86.1,84.5,99.2,73.2,108.0,142.7
2016-02-01,99.9,114.57,,88.0,193.78,,69.3,86.13,77.1,92.7,96.43,90.34,,,88.0,88.2,86.8,74.6,,,75.7,96.7,85.1,87.8,85.8,84.0,,71.8,107.1,141.71
2016-03-01,100.4,117.43,,88.1,198.43,,70.3,85.1,77.5,92.1,98.12,90.9,,,89.0,86.0,86.8,75.2,,,76.8,96.9,85.3,88.1,85.8,85.5,,72.1,107.7,144.78
2016-04-01,100.4,119.51,106.0,88.2,203.17,,69.6,84.81,77.1,91.7,97.17,91.55,,,87.7,86.0,86.9,75.6,,,76.2,96.6,85.2,87.5,85.8,85.7,101.8,72.2,109.0,146.07
2016-05-01,100.4,122.67,,88.4,203.76,,71.5,85.58,77.0,92.7,97.51,91.93,,,87.8,86.9,87.3,75.8,,,76.6,97.2,85.5,87.9,86.0,86.8,,73.3,110.4,148.17
2016-06-01,100.2,127.07,,88.9,210.02,,72.6,86.0,77.4,93.5,96.99,91.74,,,88.8,86.6,87.4,77.7,,,77.9,97.9,86.1,88.3,86.3,87.2,,74.2,111.7,149.79
2016-07-01,99.9,130.71,106.3,88.9,203.07,,72.7,85.51,77.3,93.8,97.2,92.02,,,88.2,89.5,87.4,76.7,,,76.0,98.2,85.8,88.4,86.5,86.4,102.6,74.2,111.8,151.11
2016-08-01,99.7,131.04,,88.9,205.82,,72.4,85.29,77.2,93.5,97.05,92.12,,,87.0,89.7,87.3,76.7,,,76.0,98.0,85.9,88.3,86.4,86.2,,73.4,111.2,151.64
2016-09-01,100.3,130.64,,89.0,204.09,,73.5,85.7,77.4,93.8,96.9,92.58,,,88.3,90.0,87.5,76.9,,,76.5,98.2,86.2,88.6,86.4,86.6,,73.6,111.4,152.64
2016-10-01,100.4,131.74,106.8,89.5,208.38,,75.4,85.77,77.7,94.6,96.78,93.24,,,89.2,90.0,88.0,78.1,,,78.4,98.9,87.0,89.2,86.8,87.8,101.7,74.4,111.5,153.01
2016-11-01,100.3,132.92,,89.7,200.15,,76.4,86.46,77.9,95.0,102.53,94.64,,,88.1,89.9,88.1,78.9,,,79.3,99.3,87.4,89.8,86.9,87.3,,74.9,111.9,153.51
2016-12-01,100.6,134.01,,90.2,205.5,,77.7,87.57,78.4,95.2,104.2,96.14,,,89.7,90.1,88.5,78.8,,,78.8,100.0,87.6,90.5,87.3,89.6,,75.7,111.7,154.81
2017-01-01,101.3,136.32,107.3,90.7,204.19,,79.4,87.84,78.9,95.9,105.19,96.89,,,90.3,90.8,89.2,79.7,,,79.9,101.1,88.0,91.3,87.9,90.3,103.3,76.4,112.6,155.95
2017-02-01,101.5,137.9,,90.6,204.32,,79.6,87.44,79.3,96.1,104.85,97.45,,,90.3,90.7,89.5,80.2,,,79.9,101.1,88.3,91.1,88.0,91.4,,76.8,113.0,156.17
2017-03-01,101.1,138.18,,90.3,204.44,,78.9,87.5,79.1,96.9,105.59,97.82,,,89.9,91.8,89.4,79.2,,,79.0,100.8,88.2,90.7,88.0,90.7,,76.9,113.2,156.83
2017-04-01,100.6,138.34,107.8,90.5,204.98,,78.6,87.41,80.1,97.4,104.43,97.35,,,90.3,92.0,89.7,79.1,,,79.2,100.8,88.2,90.3,88.2,91.1,105.6,77.0,113.2,155.42
2017-05-01,101.0,139.84,,90.1,205.89,,77.9,87.5,79.8,97.6,105.16,,,,89.8,92.5,89.2,79.0,,,79.3,100.5,88.2,89.8,88.2,89.5,,76.7,112.9,154.99
2017-06-01,100.6,142.4,,90.1,205.93,,77.2,87.32,79.5,96.5,105.15,96.89,,,89.1,92.6,88.6,78.1,,,79.0,100.3,87.9,89.6,88.2,88.3,,76.5,112.7,154.84
2017-07-01,100.0,146.28,108.0,89.8,208.28,,77.0,86.44,81.4,95.1,106.9,96.98,,,89.2,93.0,88.4,78.8,,,80.2,100.3,88.2,89.6,88.3,88.4,106.4,75.7,113.9,154.49
2017-08-01,100.4,149.17,,90.1,209.53,,77.7,86.69,81.7,95.4,109.23,97.91,,,89.8,93.1,88.6,78.9,,,80.4,100.6,88.4,90.1,88.4,89.1,,76.4,114.8,154.84
2017-09-01,101.0,150.75,,90.6,213.62,,78.7,87.98,82.0,95.1,108.59,98.94,,,90.2,92.1,89.0,80.0,,,80.7,101.0,88.6,90.5,88.7,90.0,,77.1,114.9,155.83
2017-10-01,100.7,153.15,108.6,91.0,219.13,,80.6,89.56,82.0,96.1,111.28,99.6,,,90.4,91.7,89.0,78.8,,,80.3,101.4,88.6,90.7,88.8,90.1,105.3,77.6,115.6,156.86
2017-11-01,101.5,155.26,,91.7,217.93,,81.9,90.82,82.4,97.6,112.46,100.06,,,91.6,90.3,88.9,80.2,,,80.4,102.1,89.0,92.2,88.9,91.1,,78.4,116.4,157.85
2017-12-01,101.5,158.01,,91.6,218.42,,81.9,91.2,82.4,97.5,112.92,100.81,,,91.5,90.2,89.2,79.4,,,80.2,102.2,89.3,92.4,89.1,91.1,,78.4,115.7,159.04
2018-01-01,102.0,165.96,109.1,92.0,219.1,,82.4,91.64,83.2,98.1,112.2,101.09,,,91.6,90.6,89.6,80.2,,,82.4,102.6,89.7,92.3,89.5,91.8,107.3,79.0,116.0,160.94
2018-02-01,102.0,175.24,,91.9,218.96,,82.1,91.99,82.8,98.3,111.31,101.0,,,91.2,90.3,89.2,81.3,,,84.3,102.7,90.2,92.5,89.5,90.7,,79.5,116.1,161.52
2018-03-01,102.0,179.47,,91.9,219.15,,82.0,92.97,82.9,99.2,110.67,100.81,,,91.1,90.8,89.5,81.8,,,84.8,102.8,90.7,92.7,89.6,90.5,,79.5,116.3,162.35
2018-04-01,101.6,183.15,109.4,92.3,219.23,,81.9,94.45,83.2,99.8,110.91,100.63,,,91.5,91.3,89.7,81.9,,,83.6,102.8,90.6,91.9,89.9,92.1,109.6,79.5,117.3,163.03
2018-05-01,102.0,198.49,,92.9,,,82.9,96.86,83.6,101.0,113.72,101.09,,,92.3,93.8,90.6,83.1,,,83.6,103.7,91.1,92.5,90.4,94.3,,80.9,118.3,164.16
2018-06-01,102.1,210.63,,93.3,219.68,,83.7,99.05,84.0,101.6,115.82,101.37,,,92.2,93.9,91.1,85.2,,,85.3,104.1,92.1,92.6,90.7,93.8,,82.2,119.1,165.05
2018-07-01,101.7,219.74,110.3,93.6,218.36,,84.6,100.17,84.1,101.3,112.55,101.47,,,92.8,96.7,91.4,86.3,,,87.3,104.8,92.7,93.1,90.9,94.2,106.5,82.3,119.9,166.01
2018-08-01,102.7,230.61,,94.0,218.36,,85.1,101.03,84.2,100.8,110.94,101.94,,,92.9,96.8,91.5,87.0,,,87.8,105.2,93.0,93.5,91.1,94.3,,82.9,120.1,166.28
2018-09-01,102.6,268.1,,94.4,218.94,,85.8,103.97,84.5,101.0,113.65,102.5,,,93.3,97.7,91.8,86.1,,,86.7,105.8,92.9,93.9,91.7,94.9,,83.6,120.9,167.2
2018-10-01,102.6,275.1,110.8,95.0,218.96,,88.9,103.26,85.2,101.1,114.63,102.96,,,93.7,97.4,92.4,86.6,,,86.0,106.6,93.1,94.2,91.9,95.7,105.6,84.2,122.0,167.95
2018-11-01,102.2,273.3,,94.7,218.42,,89.6,101.58,85.2,100.2,114.36,102.68,,,93.2,97.5,92.3,87.7,,,87.4,106.4,93.4,94.6,92.0,93.2,,83.8,121.6,166.26
2018-12-01,101.8,277.4,,93.7,219.79,,87.8,100.0,84.9,99.5,113.99,101.75,,,92.1,97.3,91.3,85.0,,,87.5,105.6,93.1,93.8,91.7,91.1,,83.4,119.7,164.48
2019-01-01,101.5,279.3,111.2,94.0,221.28,,86.8,99.25,85.0,99.1,97.18,101.19,,,92.2,95.7,92.2,85.7,,,88.6,105.9,93.0,94.0,92.0,92.1,108.1,83.7,119.2,164.47
2019-02-01,102.2,288.3,,94.0,221.67,,87.0,99.7,86.2,99.4,97.88,101.09,,,92.6,95.7,92.5,85.2,,,87.2,105.9,93.3,94.4,92.0,93.2,,83.6,119.5,164.85
2019-03-01,102.1,299.6,,93.7,221.92,,87.2,101.28,86.2,100.6,99.96,101.19,,,93.2,94.7,92.9,83.8,,,86.5,105.8,93.0,94.4,91.8,94.2,,83.9,119.9,165.62
2019-04-01,102.9,312.7,111.6,93.8,222.09,,85.7,102.52,86.6,101.5,99.89,101.56,,,93.7,95.1,93.6,84.8,,,86.8,105.7,93.0,93.6,92.3,95.3,110.5,84.6,121.1,166.82
2019-05-01,102.9,329.2,,93.6,222.15,,85.7,103.95,86.5,101.4,99.84,101.75,,,93.7,97.5,94.0,84.5,,,86.4,105.6,92.8,93.1,92.2,94.4,,85.3,121.6,167.9
2019-06-01,102.3,335.5,,93.2,221.85,,85.3,102.78,86.2,99.9,98.61,101.37,,,92.6,97.8,93.4,83.1,,,86.7,105.0,91.7,92.6,91.9,92.7,,84.7,121.5,166.69
2019-07-01,102.1,334.8,112.1,93.3,220.32,,84.4,101.55,87.4,99.6,98.45,101.19,,,92.9,98.5,93.3,83.8,,,87.3,105.1,93.0,92.9,92.0,93.8,107.9,84.6,121.3,166.54
2019-08-01,101.7,372.7,,93.0,220.97,,83.9,102.48,88.1,99.8,98.65,101.09,,,92.6,98.5,93.4,83.2,,,87.3,104.7,92.6,93.0,91.7,92.6,,84.9,121.5,166.02
2019-09-01,102.1,389.6,,92.9,220.82,,84.3,102.98,88.3,99.7,99.21,101.28,,,93.1,98.6,93.5,82.7,,,87.3,104.8,92.7,93.1,91.8,93.7,,85.5,121.3,165.9
2019-10-01,101.7,402.8,112.4,93.0,221.73,,86.3,103.61,88.4,99.7,99.79,101.28,,,93.3,98.4,93.2,83.1,,,86.6,104.9,92.7,93.0,91.7,91.9,106.8,85.6,122.0,166.0
2019-11-01,101.8,423.7,,93.2,219.68,,86.7,104.52,88.6,99.8,104.78,101.28,,,93.5,98.0,93.1,83.4,,,86.3,105.1,92.5,94.2,91.7,95.0,,86.0,122.3,166.59
2019-12-01,101.9,438.1,,93.3,219.65,,86.9,105.19,88.7,100.0,105.77,101.19,,,93.5,98.1,93.2,83.4,,,85.2,105.2,91.9,94.3,91.8,95.3,,86.2,123.0,102.75
2020-01-01,101.2,446.4,112.6,93.5,222.66,,86.5,105.56,88.9,100.0,105.59,101.19,,,93.9,98.1,94.4,82.1,,,83.9,105.4,91.0,94.1,92.5,95.1,109.5,86.9,123.4,103.04
2020-02-01,100.9,451.4,,92.8,222.68,,85.7,106.41,88.9,100.0,104.13,100.72,,,93.8,98.2,93.8,80.3,,,83.1,104.7,90.0,93.5,92.1,93.6,,86.4,122.2,103.29
2020-03-01,99.6,453.0,,91.9,222.73,,83.2,107.31,87.7,98.9,102.89,99.69,,,92.1,97.1,93.3,78.5,,,81.8,103.2,88.0,92.1,91.4,88.7,,85.3,120.4,103.39
2020-04-01,99.4,446.8,111.2,90.9,223.32,,81.1,107.43,85.6,97.0,102.61,98.38,,,89.9,96.7,92.9,77.4,,,81.1,101.1,86.7,89.5,90.9,86.3,111.9,83.9,119.2,103.47
2020-05-01,99.7,448.2,,90.3,224.08,,77.4,108.68,85.1,97.9,101.66,98.01,,,89.3,93.7,93.2,77.3,,,81.6,100.6,86.6,89.5,90.4,87.3,,82.9,117.5,103.37
2020-06-01,99.2,466.0,,90.6,,,78.9,109.33,85.4,98.0,103.68,98.38,,,89.8,94.0,93.1,79.9,,,84.7,101.4,88.5,90.2,90.4,88.6,,83.7,119.3,103.54
2020-07-01,99.1,484.5,111.7,90.7,224.91,,80.6,112.85,86.8,99.1,107.88,98.76,,,90.4,92.1,93.2,79.4,,,82.9,102.0,88.1,90.6,90.6,88.9,112.0,84.3,121.0,103.45
2020-08-01,99.2,506.2,,90.9,225.28,,81.1,116.58,86.4,100.1,109.2,99.04,,,90.2,92.2,92.9,81.1,,,85.4,102.2,89.5,90.7,90.7,88.8,,85.2,122.0,103.38
2020-09-01,99.1,528.8,,91.0,225.35,,81.5,119.31,86.7,100.8,110.2,99.13,,116.7,90.2,92.3,93.1,81.0,,116.23,84.7,102.5,88.8,90.9,91.0,88.5,,86.3,122.9,103.36
2020-10-01,100.3,560.8,112.3,91.3,225.85,,84.5,123.38,87.1,100.9,111.9,99.13,124.4,116.9,91.2,91.8,93.5,79.1,,116.3,84.4,102.8,88.7,91.0,91.1,88.6,109.9,86.6,123.6,103.57
2020-11-01,100.5,587.6,,91.6,226.17,,84.7,125.09,87.3,100.5,112.79,99.69,124.3,117.7,91.4,92.9,93.0,80.4,,116.28,85.5,103.2,88.8,92.4,91.1,88.5,,86.9,125.1,104.06
2020-12-01,100.7,614.8,,92.2,226.96,17046.0,85.5,125.58,88.2,102.1,115.9,100.81,124.4,118.7,92.4,92.9,93.2,81.8,,116.48,86.6,104.1,90.1,93.4,91.8,89.6,,88.2,125.4,104.62
2021-01-01,100.8,654.4,112.8,93.1,229.51,,87.6,130.03,89.0,104.3,117.36,102.3,126.2,119.8,92.9,93.5,94.4,84.5,,116.94,88.2,105.9,91.7,94.5,93.7,91.4,111.5,89.2,126.5,105.2
2021-02-01,100.9,689.3,,93.8,229.69,,89.7,136.74,89.9,107.4,121.45,103.1,128.2,120.9,94.2,94.2,95.0,86.2,,117.14,89.4,106.5,92.9,95.4,94.4,94.0,,90.5,128.1,105.4
2021-03-01,100.5,712.4,,94.5,231.58,17729.0,91.0,143.06,90.7,109.2,126.97,104.7,131.1,122.0,95.2,95.4,96.4,86.7,,117.58,87.9,107.8,93.7,96.3,95.2,94.6,,92.1,129.9,105.53
2021-04-01,101.3,748.0,113.6,95.4,235.2,,91.7,146.2,91.5,111.5,128.29,105.7,133.0,123.6,94.9,95.9,97.1,87.7,,118.11,89.7,108.9,93.7,95.6,95.9,95.5,114.9,93.5,132.0,105.86
2021-05-01,101.3,773.8,,96.4,237.86,,93.0,147.64,92.7,114.8,135.95,107.4,136.1,125.1,96.0,98.8,98.0,90.5,,118.64,91.9,110.3,96.2,96.0,97.0,96.2,,94.8,132.9,106.2
2021-06-01,100.7,787.3,,97.5,237.62,,95.2,149.54,93.9,115.0,134.88,107.7,136.8,,97.0,99.7,98.8,95.1,,,96.2,111.9,97.5,97.3,97.9,97.2,,96.3,133.7,106.16
2021-07-01,102.7,803.3,114.9,99.4,238.85,18797.0,99.2,152.32,97.1,115.0,137.52,108.3,138.6,,98.4,101.1,100.5,97.4,,,102.3,114.7,101.2,98.8,99.6,97.9,111.0,99.6,135.0,106.26
2021-08-01,102.6,825.5,,100.3,238.29,18932.0,100.4,155.19,101.2,114.6,141.35,109.1,139.4,,99.5,101.3,101.6,100.4,,,104.4,116.0,102.6,100.0,100.8,98.1,,100.7,136.2,106.35
2021-09-01,102.6,848.9,,102.1,240.07,,102.2,155.59,104.4,116.0,141.77,110.3,,,102.7,102.4,102.4,108.9,,,109.9,119.2,104.9,101.7,102.6,103.8,,103.5,137.4,106.34
2021-10-01,104.0,872.8,116.4,106.9,240.43,,113.6,159.1,109.1,117.6,149.37,113.1,,,109.1,103.5,104.3,110.6,,,107.7,125.2,105.6,104.8,105.8,106.4,111.1,109.6,140.7,106.54
2021-11-01,104.1,898.6,,109.0,241.52,19271.0,117.8,161.43,118.3,117.6,149.92,113.1,,,109.7,106.8,105.6,122.0,,,109.3,127.7,107.5,108.9,106.8,108.1,,114.0,143.7,106.88
2021-12-01,103.3,922.1,,111.6,241.74,,118.6,161.3,122.3,118.2,153.67,111.8,,,110.6,107.5,105.5,130.0,,,123.1,131.5,112.5,110.6,110.5,116.8,,116.0,143.3,107.66
2022-01-01,113.8,963.6,118.3,115.2,241.06,,130.7,163.24,126.4,121.3,153.92,111.6,,,112.2,107.5,112.7,130.2,,,124.1,138.2,112.3,116.0,114.7,120.7,114.1,121.3,143.8,108.47
2022-02-01,114.9,1015.0,,116.6,241.47,,131.5,164.12,126.3,124.6,157.18,112.2,,,114.4,108.6,115.3,132.5,257.9,,124.5,139.7,111.6,117.0,116.3,126.4,,123.1,145.3,108.46
2022-03-01,116.0,1097.2,,120.9,241.71,,136.9,169.23,131.7,129.0,158.91,113.4,,,118.8,113.2,120.2,140.4,282.1,,129.8,147.3,116.0,122.4,121.7,137.6,,128.7,148.9,109.27
2022-04-01,116.8,1154.8,120.0,122.7,246.51,21252.0,140.0,172.75,137.0,130.5,162.86,114.1,,,121.8,115.7,123.0,142.2,,,133.4,149.2,117.0,122.4,124.9,141.5,115.8,133.6,152.3,110.33
2022-05-01,117.4,1213.0,,122.9,248.92,21348.0,141.9,175.87,136.9,132.7,163.7,114.3,,,125.9,122.2,125.3,144.7,,,140.6,150.3,123.4,122.1,126.9,134.2,,136.1,155.0,110.69
2022-06-01,117.3,1262.7,,124.5,249.33,,143.1,177.63,140.2,131.6,164.97,114.3,,,127.0,123.8,127.0,147.9,,,144.0,152.5,128.2,123.7,128.4,129.9,,139.7,155.4,111.43
2022-07-01,120.6,1336.7,122.3,127.5,131.67,,142.7,179.64,151.4,128.4,166.7,112.9,,,129.3,129.8,127.4,151.1,,,144.8,158.4,128.5,126.1,133.3,129.2,111.5,152.9,154.0,111.95
2022-08-01,120.7,1441.3,,130.7,132.14,,148.5,174.19,170.3,126.5,165.62,111.5,,,129.8,130.4,127.2,161.7,,,148.9,166.1,130.6,129.7,140.8,135.3,,169.0,153.2,111.81
2022-09-01,120.3,1533.4,,134.8,132.96,,152.7,170.9,185.9,126.3,165.69,111.4,,,133.7,129.3,128.8,159.2,,,143.1,168.5,130.8,131.0,143.5,132.0,,173.4,151.9,112.77
2022-10-01,124.4,1594.5,123.2,135.3,134.28,,156.9,169.42,169.6,129.2,170.02,111.6,,,134.9,129.4,129.5,150.4,,,141.8,164.1,127.6,130.7,140.5,144.7,110.8,184.1,152.9,112.72
2022-11-01,124.5,1704.8,,133.2,135.15,21988.0,153.8,168.53,148.2,128.2,170.64,111.7,,,136.3,128.0,128.1,150.0,,,143.7,162.7,128.8,131.6,136.2,136.0,,186.5,152.5,113.02
2022-12-01,124.4,1827.9,,133.3,135.13,22020.0,154.2,166.4,157.1,127.1,160.34,111.1,,,132.7,128.3,126.8,153.6,,,144.9,164.6,129.9,133.3,135.3,135.0,,188.6,150.5,113.88
2023-01-01,127.5,1948.4,124.1,139.9,135.98,22103.0,149.5,166.89,150.5,127.1,159.79,110.6,,,133.8,129.2,134.2,150.1,,,138.9,160.5,125.2,136.9,134.6,136.8,115.2,194.8,150.7,114.53
2023-02-01,127.9,2073.4,,136.8,136.43,22261.0,144.8,166.41,138.6,126.4,156.33,110.6,,,134.7,129.4,133.7,148.9,,,138.7,159.2,124.2,135.5,133.5,132.4,,192.2,150.9,114.89
2023-03-01,127.2,2145.6,,134.8,136.66,,143.7,165.33,134.9,126.2,156.89,110.6,,,135.4,129.2,132.4,147.1,,,137.5,157.2,123.4,138.0,132.0,122.8,,190.5,151.0,115.21
2023-04-01,130.0,2293.2,124.7,131.2,137.44,22392.0,130.6,164.75,130.6,125.9,156.33,110.1,,,132.9,129.4,130.9,147.3,,,136.0,152.4,121.1,130.9,132.6,123.0,115.6,189.3,151.1,115.36
2023-05-01,129.1,2448.6,,128.6,138.06,22476.0,128.2,160.01,127.4,125.2,149.48,109.1,,,130.6,128.5,129.8,145.9,,,134.2,149.5,117.4,129.0,131.3,120.0,,185.5,149.4,115.59
2023-06-01,128.4,2609.0,,126.9,138.12,22509.0,125.4,155.65,124.3,124.3,150.05,108.2,,,132.3,128.3,129.4,145.9,,,135.1,148.9,118.1,127.5,130.9,120.5,,180.9,148.9,115.74
2023-07-01,130.4,2777.0,127.0,125.8,139.7,22461.0,124.5,154.47,123.9,124.3,151.79,107.9,,,134.0,127.4,129.2,144.3,,,132.9,148.0,117.4,127.2,130.0,121.6,114.8,181.6,152.1,115.93
2023-08-01,130.6,3274.0,,126.5,140.26,22558.0,123.8,155.63,123.9,126.5,155.32,108.2,175.6,,135.0,127.2,129.4,145.0,,,132.6,148.8,120.2,128.3,130.3,124.0,,182.3,152.5,115.97
2023-09-01,130.1,3625.0,,127.1,140.81,22766.0,124.5,157.28,126.4,127.0,158.29,108.6,177.1,,135.7,127.2,129.8,145.7,,,134.7,149.6,119.2,129.1,130.5,125.8,,185.6,151.8,116.47
2023-10-01,,3907.0,128.2,127.0,142.54,,124.9,158.96,125.7,125.8,159.88,108.7,,,134.2,127.1,129.7,144.3,,,132.9,149.9,118.8,128.7,130.1,123.4,113.8,184.4,152.5,116.73
2023-11-01,,4364.0,,127.5,143.06,,125.5,158.41,126.5,125.3,158.2,108.4,,,134.3,126.5,129.2,145.2,,,133.0,149.5,119.1,131.7,129.4,123.8,,183.0,153.1,117.03
2023-12-01,,6586.0,,126.4,142.95,23028.0,126.7,158.1,126.0,123.3,159.24,108.1,,,133.5,126.6,128.6,144.0,,,131.1,148.2,118.8,131.6,128.3,125.1,,181.8,151.8,117.46
2024-01-01,,7734.0,129.4,123.6,143.93,23243.0,126.1,157.72,123.7,123.3,160.57,107.9,175.6,,132.3,124.6,131.7,144.1,,,138.0,,119.6,130.3,128.5,126.0,,179.7,151.2,117.74
2024-02-01,,8409.0,,122.5,144.2,23699.0,127.2,157.95,121.8,124.6,165.26,107.6,177.4,,132.4,124.6,132.4,140.1,,,128.0,,118.6,127.9,128.0,124.0,,180.9,151.2,118.6
2024-03-01,,8833.0,,120.9,,23765.0,127.0,158.5,117.7,125.7,170.14,107.5,177.3,,132.7,123.6,132.4,136.9,,,126.9,,118.1,126.6,128.2,121.2,,180.3,151.8,119.41
2024-04-01,,9096.0,,119.9,,23858.0,127.2,159.68,116.7,127.6,175.31,107.3,178.0,,130.2,123.7,132.7,140.8,,,126.5,,118.5,122.0,128.4,119.0,,179.8,153.0,119.64
