Albania,AL
Algeria,DZ
Angola,AO
Argentina,AR
Australia,AU
Austria,AT
Azerbaijan,AZ
Bangladesh,BD
Belarus,BY
Belgium,BE
Bolivia,BO
Bosnia And Herzegovina,BA
Brazil,BR
Bulgaria,BG
Cambodia,KH
Canada,CA
Chile,CL
China,CN
Colombia,CO
Costa Rica,CR
Croatia,HR
Cyprus,CY
Czechia,CZ
Democratic Republic Of Congo,CD
Denmark,DK
Dominican Republic,DO
Ecuador,EC
Egypt,EG
El Salvador,SV
Estonia,EE
Ethiopia,ET
European Union,EU
Finland,FI
France,FR
Germany,DE
Ghana,GH
Greece,GR
Guatemala,GT
Honduras,HN
Hong Kong,HK
Hungary,HU
India,IN
Indonesia,ID
Iran,IR
Iraq,IQ
Ireland,IE
Israel,IL
Italy,IT
Japan,JP
Jordan,JO
Kazakhstan,KZ
Kenya,KE
Kuwait,KW
Kyrgyzstan,KG
Laos,LA
Latvia,LV
Lebanon,LB
Libya,LY
Lithuania,LT
Luxembourg,LU
Macao,MO
Malaysia,MY
Mexico,MX
Mongolia,MN
Morocco,MA
Myanmar,MM
Nepal,NP
Netherlands,NL
New Zealand,NZ
Nicaragua,NI
Nigeria,NG
Norway,NO
Oman,OM
Pakistan,PK
Panama,PA
Paraguay,PY
Peru,PE
Philippines,PH
Poland,PL
Portugal,PT
Qatar,QA
Romania,RO
Russian Federation,RU
Saudi Arabia,SA
Senegal,SN
Serbia,RS
Singapore,SG
Slovakia,SK
Slovenia,SI
South Africa,ZA
South Korea,KR
Spain,ES
Sri Lanka,LK
Sudan,SD
Sweden,SE
Switzerland,CH
Taiwan,TW
Tajikistan,TJ
Tanzania,TZ
Thailand,TH
Tunisia,TN
Turkey,TR
Turkmenistan,TM
Ukraine,UA
United Arab Emirates,AE
United Kingdom,UK
United States,US
Uruguay,UY
Uzbekistan,UZ
Venezuela,VE
Vietnam,VN
